actual_encoded,predicted_encoded,actual_label,predicted_label
3,2,std,sit
3,2,std,sit
4,5,ups,wlk
4,5,ups,wlk
3,2,std,sit
3,2,std,sit
3,2,std,sit
0,4,dws,ups
3,2,std,sit
0,1,dws,jog
3,2,std,sit
3,2,std,sit
4,0,ups,dws
3,2,std,sit
4,5,ups,wlk
3,2,std,sit
3,2,std,sit
3,2,std,sit
5,1,wlk,jog
3,2,std,sit
3,2,std,sit
3,2,std,sit
3,2,std,sit
3,2,std,sit
3,2,std,sit
5,4,wlk,ups
3,2,std,sit
5,4,wlk,ups
4,5,ups,wlk
0,5,dws,wlk
4,0,ups,dws
3,2,std,sit
5,4,wlk,ups
0,4,dws,ups
0,5,dws,wlk
3,2,std,sit
0,5,dws,wlk
5,0,wlk,dws
3,2,std,sit
3,2,std,sit
3,2,std,sit
1,5,jog,wlk
0,5,dws,wlk
0,5,dws,wlk
3,2,std,sit
3,2,std,sit
5,4,wlk,ups
3,2,std,sit
3,2,std,sit
0,4,dws,ups
4,0,ups,dws
3,2,std,sit
3,2,std,sit
3,2,std,sit
5,0,wlk,dws
3,2,std,sit
4,5,ups,wlk
0,4,dws,ups
1,0,jog,dws
3,2,std,sit
3,2,std,sit
0,5,dws,wlk
0,4,dws,ups
3,2,std,sit
0,5,dws,wlk
0,5,dws,wlk
0,5,dws,wlk
3,2,std,sit
0,5,dws,wlk
3,2,std,sit
5,4,wlk,ups
3,2,std,sit
4,0,ups,dws
0,5,dws,wlk
3,2,std,sit
0,4,dws,ups
3,2,std,sit
3,2,std,sit
0,4,dws,ups
5,3,wlk,std
3,2,std,sit
4,5,ups,wlk
3,2,std,sit
3,2,std,sit
3,2,std,sit
5,4,wlk,ups
4,5,ups,wlk
3,2,std,sit
3,2,std,sit
0,4,dws,ups
3,2,std,sit
3,2,std,sit
3,2,std,sit
3,2,std,sit
3,2,std,sit
3,2,std,sit
5,4,wlk,ups
3,2,std,sit
3,2,std,sit
3,2,std,sit
4,5,ups,wlk
4,3,ups,std
3,4,std,ups
0,4,dws,ups
3,2,std,sit
3,2,std,sit
5,4,wlk,ups
3,2,std,sit
3,2,std,sit
3,2,std,sit
1,4,jog,ups
3,2,std,sit
0,5,dws,wlk
0,4,dws,ups
3,2,std,sit
5,0,wlk,dws
3,2,std,sit
3,2,std,sit
0,5,dws,wlk
3,2,std,sit
3,2,std,sit
3,2,std,sit
3,2,std,sit
3,2,std,sit
4,0,ups,dws
5,0,wlk,dws
0,4,dws,ups
5,0,wlk,dws
3,2,std,sit
0,4,dws,ups
3,2,std,sit
3,2,std,sit
3,2,std,sit
3,2,std,sit
3,2,std,sit
0,1,dws,jog
3,2,std,sit
3,2,std,sit
3,2,std,sit
3,2,std,sit
4,5,ups,wlk
0,5,dws,wlk
3,2,std,sit
3,2,std,sit
3,2,std,sit
3,2,std,sit
3,2,std,sit
2,3,sit,std
3,2,std,sit
0,4,dws,ups
3,2,std,sit
5,4,wlk,ups
3,2,std,sit
0,5,dws,wlk
5,4,wlk,ups
0,5,dws,wlk
3,2,std,sit
3,2,std,sit
3,2,std,sit
3,2,std,sit
0,5,dws,wlk
3,2,std,sit
3,2,std,sit
0,5,dws,wlk
3,2,std,sit
0,5,dws,wlk
0,5,dws,wlk
3,2,std,sit
4,5,ups,wlk
0,5,dws,wlk
3,4,std,ups
0,5,dws,wlk
2,3,sit,std
3,2,std,sit
3,2,std,sit
4,5,ups,wlk
3,2,std,sit
4,5,ups,wlk
0,4,dws,ups
3,2,std,sit
3,2,std,sit
3,2,std,sit
3,2,std,sit
3,2,std,sit
3,2,std,sit
3,2,std,sit
3,2,std,sit
5,4,wlk,ups
3,2,std,sit
4,5,ups,wlk
3,2,std,sit
3,2,std,sit
3,4,std,ups
3,2,std,sit
3,2,std,sit
0,5,dws,wlk
3,2,std,sit
3,2,std,sit
3,2,std,sit
3,2,std,sit
3,2,std,sit
0,5,dws,wlk
3,2,std,sit
3,2,std,sit
3,2,std,sit
3,2,std,sit
3,2,std,sit
0,5,dws,wlk
3,2,std,sit
4,5,ups,wlk
3,2,std,sit
3,2,std,sit
3,2,std,sit
0,4,dws,ups
3,2,std,sit
0,5,dws,wlk
3,2,std,sit
3,2,std,sit
3,2,std,sit
3,4,std,ups
5,4,wlk,ups
5,4,wlk,ups
2,3,sit,std
3,2,std,sit
4,5,ups,wlk
4,0,ups,dws
3,2,std,sit
0,4,dws,ups
3,2,std,sit
4,5,ups,wlk
3,2,std,sit
4,5,ups,wlk
3,2,std,sit
5,1,wlk,jog
3,2,std,sit
0,5,dws,wlk
5,4,wlk,ups
0,5,dws,wlk
3,2,std,sit
1,5,jog,wlk
3,2,std,sit
3,2,std,sit
0,5,dws,wlk
3,2,std,sit
3,2,std,sit
0,5,dws,wlk
3,2,std,sit
4,3,ups,std
5,0,wlk,dws
3,2,std,sit
3,2,std,sit
3,2,std,sit
0,5,dws,wlk
4,5,ups,wlk
3,2,std,sit
3,2,std,sit
3,2,std,sit
3,2,std,sit
4,5,ups,wlk
0,4,dws,ups
5,4,wlk,ups
0,4,dws,ups
0,4,dws,ups
0,4,dws,ups
3,2,std,sit
0,4,dws,ups
0,4,dws,ups
3,2,std,sit
3,2,std,sit
3,2,std,sit
3,2,std,sit
0,5,dws,wlk
5,4,wlk,ups
0,5,dws,wlk
3,2,std,sit
5,4,wlk,ups
0,4,dws,ups
3,2,std,sit
3,2,std,sit
4,1,ups,jog
1,5,jog,wlk
3,2,std,sit
3,2,std,sit
3,2,std,sit
3,2,std,sit
5,1,wlk,jog
3,2,std,sit
3,2,std,sit
3,2,std,sit
0,5,dws,wlk
4,3,ups,std
3,2,std,sit
3,2,std,sit
3,2,std,sit
0,5,dws,wlk
3,2,std,sit
0,5,dws,wlk
3,2,std,sit
3,2,std,sit
4,5,ups,wlk
0,5,dws,wlk
3,2,std,sit
0,5,dws,wlk
3,2,std,sit
0,5,dws,wlk
0,5,dws,wlk
3,2,std,sit
3,2,std,sit
3,2,std,sit
3,2,std,sit
0,5,dws,wlk
5,0,wlk,dws
5,4,wlk,ups
0,5,dws,wlk
0,4,dws,ups
3,2,std,sit
5,0,wlk,dws
0,5,dws,wlk
0,5,dws,wlk
3,2,std,sit
3,2,std,sit
3,2,std,sit
3,2,std,sit
0,5,dws,wlk
3,2,std,sit
4,5,ups,wlk
3,2,std,sit
3,2,std,sit
0,4,dws,ups
3,2,std,sit
3,2,std,sit
5,4,wlk,ups
3,2,std,sit
3,2,std,sit
3,2,std,sit
3,2,std,sit
3,2,std,sit
3,2,std,sit
0,5,dws,wlk
3,2,std,sit
3,2,std,sit
1,4,jog,ups
3,2,std,sit
3,2,std,sit
0,4,dws,ups
4,3,ups,std
3,2,std,sit
3,2,std,sit
3,2,std,sit
4,5,ups,wlk
0,4,dws,ups
3,2,std,sit
2,3,sit,std
3,2,std,sit
3,2,std,sit
3,2,std,sit
3,2,std,sit
5,4,wlk,ups
4,0,ups,dws
3,2,std,sit
3,2,std,sit
3,2,std,sit
5,4,wlk,ups
3,2,std,sit
3,2,std,sit
3,2,std,sit
4,5,ups,wlk
4,5,ups,wlk
0,4,dws,ups
3,2,std,sit
3,2,std,sit
3,2,std,sit
4,5,ups,wlk
0,5,dws,wlk
3,2,std,sit
3,2,std,sit
3,2,std,sit
3,2,std,sit
3,2,std,sit
5,1,wlk,jog
3,2,std,sit
3,2,std,sit
3,2,std,sit
3,2,std,sit
0,5,dws,wlk
3,2,std,sit
5,0,wlk,dws
4,5,ups,wlk
3,2,std,sit
3,2,std,sit
3,2,std,sit
4,5,ups,wlk
0,5,dws,wlk
0,5,dws,wlk
4,5,ups,wlk
3,2,std,sit
0,4,dws,ups
4,5,ups,wlk
4,5,ups,wlk
0,4,dws,ups
0,4,dws,ups
0,4,dws,ups
5,3,wlk,std
0,5,dws,wlk
3,2,std,sit
4,0,ups,dws
3,2,std,sit
3,2,std,sit
4,5,ups,wlk
3,2,std,sit
3,2,std,sit
0,5,dws,wlk
3,2,std,sit
0,5,dws,wlk
3,2,std,sit
3,2,std,sit
3,2,std,sit
3,2,std,sit
3,2,std,sit
4,5,ups,wlk
3,2,std,sit
3,2,std,sit
3,2,std,sit
3,2,std,sit
3,2,std,sit
3,2,std,sit
5,4,wlk,ups
3,2,std,sit
0,4,dws,ups
5,4,wlk,ups
3,2,std,sit
3,4,std,ups
3,2,std,sit
3,2,std,sit
3,2,std,sit
3,2,std,sit
3,2,std,sit
3,2,std,sit
3,2,std,sit
1,5,jog,wlk
3,2,std,sit
3,2,std,sit
3,2,std,sit
3,2,std,sit
0,5,dws,wlk
3,2,std,sit
3,2,std,sit
3,2,std,sit
0,4,dws,ups
3,2,std,sit
3,2,std,sit
3,2,std,sit
3,2,std,sit
3,2,std,sit
3,2,std,sit
0,5,dws,wlk
3,2,std,sit
3,2,std,sit
0,4,dws,ups
4,5,ups,wlk
5,4,wlk,ups
3,2,std,sit
0,4,dws,ups
3,2,std,sit
3,2,std,sit
2,3,sit,std
3,2,std,sit
0,5,dws,wlk
3,2,std,sit
4,5,ups,wlk
3,2,std,sit
0,5,dws,wlk
4,0,ups,dws
3,2,std,sit
3,2,std,sit
0,4,dws,ups
4,5,ups,wlk
3,2,std,sit
4,5,ups,wlk
4,5,ups,wlk
3,2,std,sit
3,2,std,sit
0,4,dws,ups
0,5,dws,wlk
0,4,dws,ups
3,2,std,sit
0,5,dws,wlk
3,2,std,sit
4,0,ups,dws
3,2,std,sit
5,4,wlk,ups
3,2,std,sit
3,2,std,sit
3,2,std,sit
3,2,std,sit
4,0,ups,dws
0,5,dws,wlk
3,2,std,sit
2,3,sit,std
3,2,std,sit
3,2,std,sit
3,2,std,sit
0,5,dws,wlk
4,0,ups,dws
4,5,ups,wlk
0,4,dws,ups
0,4,dws,ups
3,2,std,sit
3,2,std,sit
3,2,std,sit
0,4,dws,ups
0,3,dws,std
1,5,jog,wlk
3,2,std,sit
0,4,dws,ups
3,2,std,sit
5,3,wlk,std
0,5,dws,wlk
4,3,ups,std
4,0,ups,dws
4,5,ups,wlk
3,2,std,sit
3,2,std,sit
3,2,std,sit
3,2,std,sit
3,2,std,sit
3,2,std,sit
4,0,ups,dws
3,2,std,sit
3,4,std,ups
0,5,dws,wlk
2,4,sit,ups
3,2,std,sit
0,4,dws,ups
3,2,std,sit
0,5,dws,wlk
3,2,std,sit
0,5,dws,wlk
4,0,ups,dws
3,2,std,sit
3,2,std,sit
3,2,std,sit
5,0,wlk,dws
3,2,std,sit
3,2,std,sit
3,2,std,sit
3,2,std,sit
3,2,std,sit
0,4,dws,ups
3,2,std,sit
3,2,std,sit
3,2,std,sit
3,2,std,sit
3,2,std,sit
1,5,jog,wlk
3,2,std,sit
3,2,std,sit
3,2,std,sit
3,2,std,sit
4,5,ups,wlk
0,5,dws,wlk
3,2,std,sit
3,2,std,sit
3,2,std,sit
3,2,std,sit
3,2,std,sit
3,2,std,sit
3,2,std,sit
3,2,std,sit
5,4,wlk,ups
3,2,std,sit
5,4,wlk,ups
5,4,wlk,ups
3,2,std,sit
3,2,std,sit
4,5,ups,wlk
1,5,jog,wlk
0,5,dws,wlk
4,0,ups,dws
3,2,std,sit
3,2,std,sit
3,2,std,sit
0,4,dws,ups
4,5,ups,wlk
3,2,std,sit
3,2,std,sit
3,2,std,sit
4,5,ups,wlk
3,2,std,sit
3,2,std,sit
3,2,std,sit
0,5,dws,wlk
3,2,std,sit
3,2,std,sit
3,2,std,sit
5,3,wlk,std
0,4,dws,ups
4,5,ups,wlk
4,5,ups,wlk
3,2,std,sit
0,5,dws,wlk
3,2,std,sit
3,2,std,sit
4,3,ups,std
3,2,std,sit
0,5,dws,wlk
0,5,dws,wlk
4,3,ups,std
3,2,std,sit
3,2,std,sit
3,2,std,sit
3,2,std,sit
4,1,ups,jog
3,2,std,sit
3,2,std,sit
0,5,dws,wlk
5,0,wlk,dws
3,2,std,sit
0,5,dws,wlk
3,2,std,sit
0,4,dws,ups
3,2,std,sit
0,4,dws,ups
2,3,sit,std
3,2,std,sit
0,5,dws,wlk
3,2,std,sit
0,4,dws,ups
0,5,dws,wlk
0,5,dws,wlk
0,4,dws,ups
3,2,std,sit
3,2,std,sit
5,4,wlk,ups
0,5,dws,wlk
3,2,std,sit
4,5,ups,wlk
3,2,std,sit
3,2,std,sit
0,5,dws,wlk
0,4,dws,ups
3,2,std,sit
3,2,std,sit
4,5,ups,wlk
3,2,std,sit
0,5,dws,wlk
4,5,ups,wlk
3,2,std,sit
0,5,dws,wlk
3,2,std,sit
3,2,std,sit
1,5,jog,wlk
3,2,std,sit
3,2,std,sit
3,2,std,sit
0,5,dws,wlk
0,4,dws,ups
3,2,std,sit
4,0,ups,dws
0,4,dws,ups
0,4,dws,ups
3,2,std,sit
3,2,std,sit
4,5,ups,wlk
0,4,dws,ups
0,5,dws,wlk
0,5,dws,wlk
4,5,ups,wlk
0,4,dws,ups
0,4,dws,ups
4,5,ups,wlk
3,2,std,sit
0,5,dws,wlk
3,2,std,sit
3,2,std,sit
3,2,std,sit
0,4,dws,ups
0,5,dws,wlk
3,2,std,sit
0,5,dws,wlk
3,2,std,sit
3,2,std,sit
3,2,std,sit
3,2,std,sit
0,5,dws,wlk
4,5,ups,wlk
3,2,std,sit
3,2,std,sit
3,2,std,sit
4,5,ups,wlk
3,2,std,sit
3,2,std,sit
3,2,std,sit
4,5,ups,wlk
3,2,std,sit
0,5,dws,wlk
3,2,std,sit
0,5,dws,wlk
3,2,std,sit
5,4,wlk,ups
3,2,std,sit
3,2,std,sit
0,5,dws,wlk
3,2,std,sit
3,2,std,sit
0,5,dws,wlk
3,2,std,sit
4,0,ups,dws
3,2,std,sit
4,5,ups,wlk
0,5,dws,wlk
0,5,dws,wlk
3,2,std,sit
3,2,std,sit
3,2,std,sit
2,3,sit,std
3,2,std,sit
0,5,dws,wlk
3,2,std,sit
3,2,std,sit
3,2,std,sit
3,2,std,sit
3,2,std,sit
0,5,dws,wlk
4,5,ups,wlk
5,4,wlk,ups
4,5,ups,wlk
3,2,std,sit
3,2,std,sit
3,2,std,sit
3,2,std,sit
5,0,wlk,dws
3,2,std,sit
3,2,std,sit
4,0,ups,dws
4,5,ups,wlk
3,2,std,sit
4,1,ups,jog
3,2,std,sit
3,2,std,sit
3,2,std,sit
3,2,std,sit
3,2,std,sit
0,5,dws,wlk
3,2,std,sit
3,2,std,sit
3,2,std,sit
0,4,dws,ups
3,2,std,sit
4,5,ups,wlk
3,2,std,sit
3,2,std,sit
2,3,sit,std
0,4,dws,ups
3,2,std,sit
3,2,std,sit
3,2,std,sit
4,5,ups,wlk
3,2,std,sit
5,4,wlk,ups
5,4,wlk,ups
0,5,dws,wlk
4,5,ups,wlk
3,2,std,sit
3,2,std,sit
3,2,std,sit
3,2,std,sit
3,2,std,sit
3,2,std,sit
3,2,std,sit
3,2,std,sit
3,2,std,sit
0,4,dws,ups
5,4,wlk,ups
3,2,std,sit
4,5,ups,wlk
0,5,dws,wlk
4,5,ups,wlk
3,2,std,sit
3,2,std,sit
3,2,std,sit
0,4,dws,ups
3,2,std,sit
3,2,std,sit
3,2,std,sit
3,2,std,sit
3,2,std,sit
3,2,std,sit
3,2,std,sit
3,2,std,sit
3,2,std,sit
0,5,dws,wlk
3,2,std,sit
3,2,std,sit
3,2,std,sit
3,2,std,sit
3,2,std,sit
0,4,dws,ups
3,2,std,sit
3,2,std,sit
3,2,std,sit
3,2,std,sit
0,4,dws,ups
3,2,std,sit
3,2,std,sit
3,2,std,sit
3,2,std,sit
3,2,std,sit
3,2,std,sit
3,2,std,sit
5,1,wlk,jog
4,5,ups,wlk
3,2,std,sit
4,1,ups,jog
3,2,std,sit
3,2,std,sit
4,5,ups,wlk
1,5,jog,wlk
3,2,std,sit
3,2,std,sit
4,0,ups,dws
3,2,std,sit
2,4,sit,ups
3,2,std,sit
3,2,std,sit
3,2,std,sit
0,5,dws,wlk
5,4,wlk,ups
0,4,dws,ups
0,5,dws,wlk
3,2,std,sit
3,2,std,sit
3,2,std,sit
0,4,dws,ups
3,2,std,sit
3,2,std,sit
3,2,std,sit
1,4,jog,ups
3,2,std,sit
0,5,dws,wlk
0,5,dws,wlk
3,2,std,sit
3,2,std,sit
0,5,dws,wlk
3,2,std,sit
4,5,ups,wlk
3,2,std,sit
0,4,dws,ups
0,5,dws,wlk
0,4,dws,ups
5,4,wlk,ups
3,2,std,sit
3,2,std,sit
3,2,std,sit
3,2,std,sit
3,2,std,sit
4,5,ups,wlk
5,0,wlk,dws
4,5,ups,wlk
3,2,std,sit
0,4,dws,ups
3,2,std,sit
4,0,ups,dws
0,5,dws,wlk
4,5,ups,wlk
0,4,dws,ups
3,2,std,sit
5,4,wlk,ups
3,2,std,sit
0,4,dws,ups
3,2,std,sit
0,4,dws,ups
3,2,std,sit
3,2,std,sit
0,5,dws,wlk
0,4,dws,ups
3,2,std,sit
5,4,wlk,ups
3,2,std,sit
4,5,ups,wlk
3,2,std,sit
3,2,std,sit
5,0,wlk,dws
3,2,std,sit
1,5,jog,wlk
0,5,dws,wlk
3,2,std,sit
0,1,dws,jog
3,2,std,sit
0,5,dws,wlk
3,2,std,sit
3,2,std,sit
4,3,ups,std
3,2,std,sit
4,5,ups,wlk
3,2,std,sit
0,1,dws,jog
0,4,dws,ups
3,2,std,sit
4,0,ups,dws
4,0,ups,dws
3,2,std,sit
0,4,dws,ups
3,2,std,sit
3,2,std,sit
3,2,std,sit
4,5,ups,wlk
3,2,std,sit
3,2,std,sit
3,2,std,sit
3,2,std,sit
0,5,dws,wlk
5,4,wlk,ups
3,2,std,sit
3,2,std,sit
0,4,dws,ups
0,5,dws,wlk
3,2,std,sit
3,2,std,sit
3,2,std,sit
3,2,std,sit
4,5,ups,wlk
3,2,std,sit
3,2,std,sit
3,2,std,sit
4,5,ups,wlk
3,2,std,sit
5,1,wlk,jog
3,2,std,sit
3,2,std,sit
3,2,std,sit
3,2,std,sit
5,4,wlk,ups
3,2,std,sit
0,5,dws,wlk
3,2,std,sit
4,5,ups,wlk
0,5,dws,wlk
3,2,std,sit
0,4,dws,ups
3,2,std,sit
3,2,std,sit
5,4,wlk,ups
3,2,std,sit
0,5,dws,wlk
3,2,std,sit
3,2,std,sit
4,5,ups,wlk
3,2,std,sit
0,5,dws,wlk
1,5,jog,wlk
4,5,ups,wlk
5,4,wlk,ups
3,2,std,sit
3,2,std,sit
0,4,dws,ups
3,2,std,sit
3,2,std,sit
3,2,std,sit
3,2,std,sit
0,5,dws,wlk
0,5,dws,wlk
3,2,std,sit
5,4,wlk,ups
0,5,dws,wlk
3,2,std,sit
3,2,std,sit
2,4,sit,ups
4,5,ups,wlk
3,2,std,sit
3,2,std,sit
3,2,std,sit
3,2,std,sit
3,2,std,sit
0,5,dws,wlk
5,4,wlk,ups
0,4,dws,ups
3,2,std,sit
3,2,std,sit
0,5,dws,wlk
0,5,dws,wlk
0,4,dws,ups
4,5,ups,wlk
1,5,jog,wlk
3,2,std,sit
3,2,std,sit
3,2,std,sit
0,5,dws,wlk
0,5,dws,wlk
3,2,std,sit
0,4,dws,ups
3,2,std,sit
5,4,wlk,ups
0,5,dws,wlk
3,2,std,sit
0,5,dws,wlk
3,2,std,sit
3,2,std,sit
3,2,std,sit
0,4,dws,ups
3,2,std,sit
1,5,jog,wlk
3,2,std,sit
3,2,std,sit
3,2,std,sit
0,5,dws,wlk
0,5,dws,wlk
3,2,std,sit
3,2,std,sit
0,5,dws,wlk
3,2,std,sit
4,0,ups,dws
3,2,std,sit
3,2,std,sit
3,2,std,sit
4,0,ups,dws
3,2,std,sit
3,2,std,sit
3,2,std,sit
4,0,ups,dws
4,0,ups,dws
0,5,dws,wlk
3,2,std,sit
0,1,dws,jog
3,2,std,sit
3,2,std,sit
3,2,std,sit
5,0,wlk,dws
3,2,std,sit
4,3,ups,std
0,4,dws,ups
3,2,std,sit
0,5,dws,wlk
3,2,std,sit
5,0,wlk,dws
0,5,dws,wlk
0,5,dws,wlk
4,1,ups,jog
4,5,ups,wlk
0,5,dws,wlk
4,5,ups,wlk
4,0,ups,dws
0,4,dws,ups
3,2,std,sit
4,5,ups,wlk
4,5,ups,wlk
3,2,std,sit
0,5,dws,wlk
3,2,std,sit
3,2,std,sit
0,5,dws,wlk
1,5,jog,wlk
3,2,std,sit
2,3,sit,std
4,5,ups,wlk
0,5,dws,wlk
3,2,std,sit
3,2,std,sit
0,4,dws,ups
4,5,ups,wlk
5,4,wlk,ups
3,2,std,sit
3,2,std,sit
3,2,std,sit
4,5,ups,wlk
3,2,std,sit
3,2,std,sit
5,4,wlk,ups
3,2,std,sit
3,2,std,sit
5,3,wlk,std
3,2,std,sit
5,0,wlk,dws
0,5,dws,wlk
4,0,ups,dws
0,4,dws,ups
3,2,std,sit
1,4,jog,ups
1,5,jog,wlk
3,2,std,sit
3,2,std,sit
5,1,wlk,jog
4,5,ups,wlk
3,2,std,sit
3,2,std,sit
3,2,std,sit
3,2,std,sit
4,5,ups,wlk
2,4,sit,ups
3,2,std,sit
3,2,std,sit
0,4,dws,ups
1,0,jog,dws
3,2,std,sit
0,5,dws,wlk
0,5,dws,wlk
3,2,std,sit
3,2,std,sit
3,2,std,sit
3,2,std,sit
3,2,std,sit
5,4,wlk,ups
4,5,ups,wlk
3,2,std,sit
4,3,ups,std
3,2,std,sit
3,2,std,sit
0,5,dws,wlk
3,2,std,sit
4,0,ups,dws
4,5,ups,wlk
3,2,std,sit
4,1,ups,jog
4,5,ups,wlk
3,2,std,sit
3,2,std,sit
3,2,std,sit
3,2,std,sit
1,2,jog,sit
3,2,std,sit
3,2,std,sit
0,4,dws,ups
5,4,wlk,ups
3,2,std,sit
3,2,std,sit
3,2,std,sit
3,2,std,sit
3,2,std,sit
0,5,dws,wlk
3,2,std,sit
0,5,dws,wlk
3,2,std,sit
0,4,dws,ups
0,5,dws,wlk
4,0,ups,dws
3,2,std,sit
4,5,ups,wlk
4,5,ups,wlk
4,5,ups,wlk
3,2,std,sit
3,2,std,sit
3,2,std,sit
3,2,std,sit
4,3,ups,std
0,5,dws,wlk
0,5,dws,wlk
3,2,std,sit
3,2,std,sit
3,2,std,sit
5,4,wlk,ups
5,4,wlk,ups
3,2,std,sit
3,2,std,sit
3,2,std,sit
2,3,sit,std
2,3,sit,std
0,5,dws,wlk
3,2,std,sit
4,5,ups,wlk
0,5,dws,wlk
4,5,ups,wlk
3,2,std,sit
3,2,std,sit
0,5,dws,wlk
5,0,wlk,dws
3,2,std,sit
3,2,std,sit
3,2,std,sit
3,2,std,sit
3,2,std,sit
4,5,ups,wlk
3,2,std,sit
1,5,jog,wlk
3,2,std,sit
3,2,std,sit
0,5,dws,wlk
3,2,std,sit
0,4,dws,ups
3,2,std,sit
3,2,std,sit
0,5,dws,wlk
3,2,std,sit
3,2,std,sit
0,5,dws,wlk
3,2,std,sit
3,2,std,sit
3,2,std,sit
3,2,std,sit
3,2,std,sit
0,4,dws,ups
3,2,std,sit
0,4,dws,ups
4,5,ups,wlk
3,2,std,sit
3,2,std,sit
0,5,dws,wlk
4,5,ups,wlk
3,2,std,sit
3,2,std,sit
0,5,dws,wlk
3,2,std,sit
3,2,std,sit
3,2,std,sit
3,2,std,sit
3,2,std,sit
0,5,dws,wlk
3,2,std,sit
3,2,std,sit
3,2,std,sit
2,3,sit,std
3,2,std,sit
3,2,std,sit
3,2,std,sit
3,2,std,sit
3,2,std,sit
3,2,std,sit
3,2,std,sit
3,2,std,sit
5,0,wlk,dws
0,4,dws,ups
5,4,wlk,ups
3,2,std,sit
3,2,std,sit
3,2,std,sit
3,2,std,sit
4,5,ups,wlk
3,2,std,sit
0,5,dws,wlk
5,1,wlk,jog
0,5,dws,wlk
0,5,dws,wlk
1,5,jog,wlk
3,2,std,sit
0,5,dws,wlk
3,2,std,sit
0,5,dws,wlk
0,4,dws,ups
3,2,std,sit
0,4,dws,ups
4,5,ups,wlk
5,4,wlk,ups
3,2,std,sit
0,5,dws,wlk
5,4,wlk,ups
3,2,std,sit
3,2,std,sit
5,4,wlk,ups
3,2,std,sit
5,4,wlk,ups
3,2,std,sit
4,5,ups,wlk
3,2,std,sit
3,2,std,sit
0,4,dws,ups
3,2,std,sit
1,5,jog,wlk
5,4,wlk,ups
3,2,std,sit
3,2,std,sit
3,2,std,sit
4,5,ups,wlk
0,5,dws,wlk
5,0,wlk,dws
3,2,std,sit
5,0,wlk,dws
3,2,std,sit
3,2,std,sit
3,2,std,sit
3,2,std,sit
0,5,dws,wlk
3,2,std,sit
3,2,std,sit
3,2,std,sit
0,4,dws,ups
4,5,ups,wlk
5,4,wlk,ups
3,2,std,sit
3,2,std,sit
3,2,std,sit
4,5,ups,wlk
3,2,std,sit
3,2,std,sit
3,2,std,sit
0,4,dws,ups
3,2,std,sit
0,4,dws,ups
3,2,std,sit
3,2,std,sit
3,2,std,sit
0,5,dws,wlk
3,2,std,sit
4,5,ups,wlk
3,2,std,sit
3,2,std,sit
3,2,std,sit
3,2,std,sit
0,3,dws,std
3,2,std,sit
0,3,dws,std
3,2,std,sit
3,2,std,sit
3,2,std,sit
3,2,std,sit
3,2,std,sit
3,2,std,sit
0,5,dws,wlk
4,5,ups,wlk
3,2,std,sit
3,2,std,sit
4,0,ups,dws
3,2,std,sit
3,2,std,sit
3,2,std,sit
3,2,std,sit
3,2,std,sit
0,4,dws,ups
3,2,std,sit
4,5,ups,wlk
3,2,std,sit
3,2,std,sit
3,2,std,sit
3,2,std,sit
3,2,std,sit
4,5,ups,wlk
5,4,wlk,ups
4,5,ups,wlk
5,4,wlk,ups
3,2,std,sit
5,4,wlk,ups
3,4,std,ups
0,5,dws,wlk
4,5,ups,wlk
3,2,std,sit
3,2,std,sit
3,2,std,sit
5,4,wlk,ups
3,2,std,sit
0,4,dws,ups
3,2,std,sit
3,2,std,sit
3,2,std,sit
5,4,wlk,ups
3,2,std,sit
3,2,std,sit
3,2,std,sit
3,2,std,sit
3,2,std,sit
0,4,dws,ups
0,5,dws,wlk
0,4,dws,ups
3,2,std,sit
3,2,std,sit
3,2,std,sit
3,2,std,sit
0,4,dws,ups
4,5,ups,wlk
3,2,std,sit
3,2,std,sit
0,4,dws,ups
5,4,wlk,ups
3,2,std,sit
3,2,std,sit
3,2,std,sit
0,5,dws,wlk
0,5,dws,wlk
3,2,std,sit
3,2,std,sit
0,3,dws,std
3,2,std,sit
3,2,std,sit
0,4,dws,ups
3,2,std,sit
3,2,std,sit
3,2,std,sit
3,2,std,sit
5,4,wlk,ups
5,1,wlk,jog
2,3,sit,std
3,2,std,sit
3,2,std,sit
3,2,std,sit
0,4,dws,ups
0,4,dws,ups
3,2,std,sit
3,2,std,sit
0,5,dws,wlk
4,5,ups,wlk
3,2,std,sit
0,5,dws,wlk
0,4,dws,ups
3,4,std,ups
3,2,std,sit
5,4,wlk,ups
1,5,jog,wlk
3,2,std,sit
4,5,ups,wlk
3,2,std,sit
0,4,dws,ups
3,2,std,sit
3,2,std,sit
0,5,dws,wlk
3,2,std,sit
3,2,std,sit
3,2,std,sit
0,5,dws,wlk
4,3,ups,std
3,2,std,sit
4,5,ups,wlk
4,5,ups,wlk
3,2,std,sit
3,2,std,sit
0,5,dws,wlk
0,4,dws,ups
5,0,wlk,dws
4,5,ups,wlk
3,2,std,sit
4,5,ups,wlk
3,2,std,sit
3,2,std,sit
3,2,std,sit
0,5,dws,wlk
5,0,wlk,dws
0,5,dws,wlk
3,2,std,sit
3,2,std,sit
3,2,std,sit
3,2,std,sit
3,2,std,sit
3,5,std,wlk
0,5,dws,wlk
3,2,std,sit
3,2,std,sit
3,4,std,ups
3,2,std,sit
4,0,ups,dws
5,4,wlk,ups
1,5,jog,wlk
3,2,std,sit
5,4,wlk,ups
3,2,std,sit
3,2,std,sit
0,4,dws,ups
3,2,std,sit
3,2,std,sit
3,2,std,sit
3,2,std,sit
3,2,std,sit
3,2,std,sit
0,4,dws,ups
0,1,dws,jog
3,2,std,sit
3,2,std,sit
0,4,dws,ups
0,5,dws,wlk
0,5,dws,wlk
4,5,ups,wlk
3,2,std,sit
3,2,std,sit
0,4,dws,ups
3,2,std,sit
3,2,std,sit
0,4,dws,ups
3,2,std,sit
4,0,ups,dws
3,2,std,sit
3,2,std,sit
4,0,ups,dws
3,2,std,sit
3,2,std,sit
3,2,std,sit
3,2,std,sit
3,2,std,sit
3,2,std,sit
3,2,std,sit
3,2,std,sit
3,2,std,sit
3,2,std,sit
3,2,std,sit
3,2,std,sit
3,2,std,sit
3,2,std,sit
3,2,std,sit
3,2,std,sit
4,5,ups,wlk
3,2,std,sit
3,2,std,sit
0,4,dws,ups
3,2,std,sit
4,5,ups,wlk
3,2,std,sit
5,0,wlk,dws
5,4,wlk,ups
3,2,std,sit
3,2,std,sit
0,4,dws,ups
4,5,ups,wlk
3,2,std,sit
0,5,dws,wlk
3,2,std,sit
3,2,std,sit
3,2,std,sit
3,2,std,sit
4,1,ups,jog
3,2,std,sit
3,2,std,sit
3,2,std,sit
3,2,std,sit
3,2,std,sit
0,5,dws,wlk
3,2,std,sit
0,5,dws,wlk
3,2,std,sit
3,2,std,sit
3,2,std,sit
0,5,dws,wlk
3,2,std,sit
0,4,dws,ups
3,2,std,sit
3,2,std,sit
3,2,std,sit
5,4,wlk,ups
3,2,std,sit
3,2,std,sit
0,5,dws,wlk
4,3,ups,std
3,2,std,sit
4,0,ups,dws
3,2,std,sit
3,2,std,sit
3,2,std,sit
3,2,std,sit
3,2,std,sit
0,5,dws,wlk
3,2,std,sit
3,2,std,sit
0,5,dws,wlk
0,5,dws,wlk
3,2,std,sit
4,5,ups,wlk
4,5,ups,wlk
5,1,wlk,jog
0,5,dws,wlk
3,2,std,sit
3,2,std,sit
3,2,std,sit
3,2,std,sit
5,1,wlk,jog
5,4,wlk,ups
3,2,std,sit
3,2,std,sit
3,2,std,sit
3,2,std,sit
0,5,dws,wlk
4,5,ups,wlk
3,2,std,sit
3,2,std,sit
3,2,std,sit
4,5,ups,wlk
3,2,std,sit
0,5,dws,wlk
3,2,std,sit
3,2,std,sit
3,2,std,sit
3,2,std,sit
3,2,std,sit
3,2,std,sit
0,4,dws,ups
4,5,ups,wlk
0,4,dws,ups
3,2,std,sit
3,2,std,sit
1,0,jog,dws
0,4,dws,ups
0,5,dws,wlk
0,5,dws,wlk
4,1,ups,jog
5,4,wlk,ups
5,1,wlk,jog
3,2,std,sit
4,0,ups,dws
3,2,std,sit
3,2,std,sit
3,2,std,sit
3,2,std,sit
3,2,std,sit
3,2,std,sit
5,1,wlk,jog
2,3,sit,std
4,0,ups,dws
3,2,std,sit
3,2,std,sit
3,2,std,sit
3,2,std,sit
3,2,std,sit
0,5,dws,wlk
3,2,std,sit
3,2,std,sit
0,5,dws,wlk
0,5,dws,wlk
4,5,ups,wlk
0,5,dws,wlk
0,5,dws,wlk
3,2,std,sit
4,5,ups,wlk
3,2,std,sit
3,2,std,sit
3,2,std,sit
4,5,ups,wlk
3,2,std,sit
3,2,std,sit
4,5,ups,wlk
0,4,dws,ups
3,2,std,sit
3,2,std,sit
5,0,wlk,dws
3,2,std,sit
3,2,std,sit
3,2,std,sit
4,5,ups,wlk
3,2,std,sit
4,5,ups,wlk
0,4,dws,ups
4,5,ups,wlk
3,2,std,sit
5,4,wlk,ups
0,5,dws,wlk
3,2,std,sit
0,5,dws,wlk
3,2,std,sit
3,2,std,sit
1,5,jog,wlk
3,2,std,sit
3,2,std,sit
3,2,std,sit
3,2,std,sit
3,2,std,sit
0,5,dws,wlk
3,2,std,sit
0,4,dws,ups
3,2,std,sit
5,4,wlk,ups
3,2,std,sit
4,5,ups,wlk
0,5,dws,wlk
4,5,ups,wlk
3,2,std,sit
3,2,std,sit
3,2,std,sit
0,5,dws,wlk
3,2,std,sit
4,5,ups,wlk
0,4,dws,ups
3,2,std,sit
4,0,ups,dws
3,2,std,sit
5,4,wlk,ups
4,5,ups,wlk
3,2,std,sit
0,5,dws,wlk
0,4,dws,ups
0,4,dws,ups
3,2,std,sit
3,2,std,sit
3,2,std,sit
3,2,std,sit
0,5,dws,wlk
3,2,std,sit
3,2,std,sit
4,5,ups,wlk
5,1,wlk,jog
3,2,std,sit
3,2,std,sit
3,2,std,sit
0,4,dws,ups
3,2,std,sit
3,2,std,sit
3,2,std,sit
3,2,std,sit
4,0,ups,dws
0,5,dws,wlk
3,2,std,sit
3,2,std,sit
3,2,std,sit
3,2,std,sit
4,5,ups,wlk
0,5,dws,wlk
3,2,std,sit
3,2,std,sit
3,2,std,sit
3,2,std,sit
3,2,std,sit
0,5,dws,wlk
3,2,std,sit
5,4,wlk,ups
3,2,std,sit
3,2,std,sit
0,5,dws,wlk
3,2,std,sit
3,2,std,sit
0,5,dws,wlk
3,2,std,sit
0,5,dws,wlk
0,5,dws,wlk
3,2,std,sit
1,5,jog,wlk
3,2,std,sit
1,5,jog,wlk
3,2,std,sit
4,5,ups,wlk
3,2,std,sit
0,5,dws,wlk
3,2,std,sit
3,2,std,sit
0,5,dws,wlk
5,4,wlk,ups
3,2,std,sit
1,0,jog,dws
5,4,wlk,ups
0,4,dws,ups
3,2,std,sit
3,2,std,sit
0,5,dws,wlk
3,2,std,sit
0,4,dws,ups
4,5,ups,wlk
3,2,std,sit
3,2,std,sit
3,2,std,sit
3,2,std,sit
4,5,ups,wlk
0,4,dws,ups
0,4,dws,ups
3,2,std,sit
0,4,dws,ups
3,2,std,sit
0,5,dws,wlk
4,5,ups,wlk
3,2,std,sit
4,5,ups,wlk
3,2,std,sit
3,2,std,sit
3,2,std,sit
3,2,std,sit
4,2,ups,sit
3,2,std,sit
3,2,std,sit
3,2,std,sit
3,2,std,sit
3,2,std,sit
3,2,std,sit
3,2,std,sit
3,2,std,sit
3,2,std,sit
3,2,std,sit
3,2,std,sit
3,2,std,sit
0,4,dws,ups
3,2,std,sit
3,2,std,sit
3,2,std,sit
3,2,std,sit
3,2,std,sit
3,2,std,sit
3,2,std,sit
4,0,ups,dws
3,2,std,sit
3,2,std,sit
3,2,std,sit
3,2,std,sit
3,2,std,sit
4,5,ups,wlk
3,2,std,sit
3,2,std,sit
3,2,std,sit
3,2,std,sit
5,4,wlk,ups
3,2,std,sit
0,5,dws,wlk
3,2,std,sit
3,2,std,sit
3,2,std,sit
3,2,std,sit
0,5,dws,wlk
3,2,std,sit
0,5,dws,wlk
3,2,std,sit
3,2,std,sit
3,2,std,sit
0,5,dws,wlk
3,2,std,sit
0,5,dws,wlk
3,2,std,sit
5,4,wlk,ups
2,3,sit,std
0,4,dws,ups
3,2,std,sit
0,5,dws,wlk
4,0,ups,dws
3,2,std,sit
3,2,std,sit
0,5,dws,wlk
3,2,std,sit
4,5,ups,wlk
3,2,std,sit
3,2,std,sit
0,4,dws,ups
3,2,std,sit
0,5,dws,wlk
5,4,wlk,ups
3,2,std,sit
4,5,ups,wlk
0,5,dws,wlk
3,2,std,sit
3,2,std,sit
3,2,std,sit
0,4,dws,ups
3,2,std,sit
3,2,std,sit
3,2,std,sit
4,5,ups,wlk
5,4,wlk,ups
3,2,std,sit
3,2,std,sit
4,5,ups,wlk
3,2,std,sit
3,2,std,sit
3,2,std,sit
0,4,dws,ups
0,4,dws,ups
3,2,std,sit
3,2,std,sit
3,2,std,sit
3,2,std,sit
0,4,dws,ups
3,2,std,sit
0,4,dws,ups
3,2,std,sit
3,2,std,sit
3,2,std,sit
3,2,std,sit
5,4,wlk,ups
3,2,std,sit
3,2,std,sit
0,4,dws,ups
3,2,std,sit
0,4,dws,ups
3,2,std,sit
4,0,ups,dws
3,2,std,sit
3,2,std,sit
3,2,std,sit
3,2,std,sit
3,2,std,sit
4,0,ups,dws
0,3,dws,std
3,2,std,sit
3,2,std,sit
0,5,dws,wlk
4,5,ups,wlk
3,2,std,sit
3,2,std,sit
3,2,std,sit
3,2,std,sit
4,5,ups,wlk
3,2,std,sit
2,4,sit,ups
0,5,dws,wlk
3,2,std,sit
3,4,std,ups
1,4,jog,ups
3,2,std,sit
0,5,dws,wlk
3,2,std,sit
0,5,dws,wlk
0,4,dws,ups
4,5,ups,wlk
3,2,std,sit
4,0,ups,dws
3,2,std,sit
4,5,ups,wlk
0,5,dws,wlk
3,2,std,sit
3,2,std,sit
3,2,std,sit
0,5,dws,wlk
0,1,dws,jog
3,2,std,sit
3,2,std,sit
3,2,std,sit
3,2,std,sit
3,2,std,sit
3,2,std,sit
0,3,dws,std
3,2,std,sit
0,5,dws,wlk
0,5,dws,wlk
3,2,std,sit
0,5,dws,wlk
4,0,ups,dws
5,4,wlk,ups
3,2,std,sit
4,5,ups,wlk
3,2,std,sit
3,2,std,sit
3,2,std,sit
4,5,ups,wlk
3,2,std,sit
3,2,std,sit
5,0,wlk,dws
4,0,ups,dws
3,2,std,sit
4,5,ups,wlk
5,4,wlk,ups
3,2,std,sit
3,2,std,sit
0,5,dws,wlk
3,2,std,sit
0,5,dws,wlk
3,2,std,sit
3,2,std,sit
3,2,std,sit
3,2,std,sit
3,2,std,sit
4,0,ups,dws
3,2,std,sit
3,2,std,sit
4,5,ups,wlk
3,2,std,sit
0,5,dws,wlk
5,4,wlk,ups
0,4,dws,ups
2,3,sit,std
3,2,std,sit
5,4,wlk,ups
3,2,std,sit
3,2,std,sit
3,2,std,sit
4,5,ups,wlk
3,2,std,sit
3,2,std,sit
3,2,std,sit
3,2,std,sit
0,5,dws,wlk
3,2,std,sit
3,2,std,sit
0,5,dws,wlk
4,5,ups,wlk
3,2,std,sit
4,0,ups,dws
3,2,std,sit
3,2,std,sit
0,5,dws,wlk
3,2,std,sit
3,2,std,sit
0,5,dws,wlk
3,2,std,sit
3,2,std,sit
2,3,sit,std
4,0,ups,dws
3,2,std,sit
3,2,std,sit
5,4,wlk,ups
0,4,dws,ups
3,2,std,sit
0,4,dws,ups
4,5,ups,wlk
3,2,std,sit
3,2,std,sit
3,2,std,sit
3,2,std,sit
4,0,ups,dws
3,2,std,sit
3,2,std,sit
3,2,std,sit
0,4,dws,ups
4,5,ups,wlk
3,2,std,sit
2,3,sit,std
3,2,std,sit
3,2,std,sit
3,2,std,sit
3,2,std,sit
3,2,std,sit
0,5,dws,wlk
0,5,dws,wlk
0,5,dws,wlk
3,2,std,sit
0,4,dws,ups
3,2,std,sit
4,5,ups,wlk
4,5,ups,wlk
3,2,std,sit
0,4,dws,ups
3,2,std,sit
3,2,std,sit
1,5,jog,wlk
3,2,std,sit
3,2,std,sit
4,0,ups,dws
3,2,std,sit
3,2,std,sit
3,2,std,sit
3,2,std,sit
3,2,std,sit
3,2,std,sit
3,2,std,sit
0,4,dws,ups
0,5,dws,wlk
3,2,std,sit
3,2,std,sit
5,0,wlk,dws
3,2,std,sit
3,2,std,sit
3,2,std,sit
0,4,dws,ups
0,5,dws,wlk
4,5,ups,wlk
4,5,ups,wlk
3,2,std,sit
0,5,dws,wlk
3,2,std,sit
3,2,std,sit
1,5,jog,wlk
3,2,std,sit
3,2,std,sit
3,2,std,sit
3,2,std,sit
3,2,std,sit
3,2,std,sit
0,5,dws,wlk
5,0,wlk,dws
4,5,ups,wlk
3,2,std,sit
5,1,wlk,jog
0,5,dws,wlk
3,2,std,sit
4,5,ups,wlk
3,2,std,sit
3,2,std,sit
3,2,std,sit
4,5,ups,wlk
4,0,ups,dws
3,2,std,sit
3,2,std,sit
3,2,std,sit
3,2,std,sit
3,2,std,sit
0,5,dws,wlk
3,2,std,sit
3,2,std,sit
3,4,std,ups
3,2,std,sit
0,4,dws,ups
3,2,std,sit
3,2,std,sit
5,1,wlk,jog
3,2,std,sit
0,4,dws,ups
0,5,dws,wlk
0,5,dws,wlk
3,2,std,sit
4,5,ups,wlk
0,5,dws,wlk
3,2,std,sit
4,0,ups,dws
3,2,std,sit
3,2,std,sit
3,2,std,sit
4,5,ups,wlk
4,5,ups,wlk
4,5,ups,wlk
3,2,std,sit
3,2,std,sit
0,5,dws,wlk
3,2,std,sit
0,5,dws,wlk
4,5,ups,wlk
3,2,std,sit
5,0,wlk,dws
5,4,wlk,ups
3,2,std,sit
0,5,dws,wlk
4,0,ups,dws
2,3,sit,std
3,2,std,sit
3,2,std,sit
0,5,dws,wlk
3,2,std,sit
3,2,std,sit
0,5,dws,wlk
0,3,dws,std
0,5,dws,wlk
0,5,dws,wlk
0,4,dws,ups
4,5,ups,wlk
0,5,dws,wlk
0,4,dws,ups
4,0,ups,dws
4,5,ups,wlk
4,0,ups,dws
3,4,std,ups
3,2,std,sit
3,2,std,sit
3,2,std,sit
3,2,std,sit
3,2,std,sit
3,2,std,sit
3,2,std,sit
3,2,std,sit
0,5,dws,wlk
4,5,ups,wlk
3,2,std,sit
0,5,dws,wlk
0,4,dws,ups
3,2,std,sit
3,2,std,sit
0,4,dws,ups
3,2,std,sit
3,2,std,sit
0,1,dws,jog
3,2,std,sit
0,5,dws,wlk
5,0,wlk,dws
3,2,std,sit
3,2,std,sit
3,2,std,sit
3,2,std,sit
3,2,std,sit
3,2,std,sit
0,4,dws,ups
3,2,std,sit
3,2,std,sit
0,5,dws,wlk
3,2,std,sit
4,5,ups,wlk
0,4,dws,ups
3,2,std,sit
3,2,std,sit
3,2,std,sit
5,4,wlk,ups
0,5,dws,wlk
4,5,ups,wlk
4,0,ups,dws
4,5,ups,wlk
3,2,std,sit
0,5,dws,wlk
0,5,dws,wlk
4,5,ups,wlk
0,5,dws,wlk
3,2,std,sit
3,2,std,sit
5,4,wlk,ups
3,2,std,sit
3,2,std,sit
4,5,ups,wlk
3,2,std,sit
0,5,dws,wlk
0,3,dws,std
3,2,std,sit
3,2,std,sit
5,4,wlk,ups
0,5,dws,wlk
0,5,dws,wlk
3,2,std,sit
3,2,std,sit
4,3,ups,std
5,4,wlk,ups
4,5,ups,wlk
3,2,std,sit
3,2,std,sit
3,2,std,sit
3,2,std,sit
0,5,dws,wlk
5,4,wlk,ups
3,2,std,sit
3,2,std,sit
3,2,std,sit
4,5,ups,wlk
3,2,std,sit
3,2,std,sit
4,3,ups,std
3,2,std,sit
3,2,std,sit
3,2,std,sit
4,0,ups,dws
3,2,std,sit
5,0,wlk,dws
4,5,ups,wlk
3,2,std,sit
3,2,std,sit
3,2,std,sit
0,5,dws,wlk
4,5,ups,wlk
3,2,std,sit
5,4,wlk,ups
3,2,std,sit
5,4,wlk,ups
0,5,dws,wlk
3,2,std,sit
0,5,dws,wlk
3,2,std,sit
0,4,dws,ups
0,5,dws,wlk
0,5,dws,wlk
0,5,dws,wlk
3,2,std,sit
3,2,std,sit
0,4,dws,ups
4,5,ups,wlk
0,5,dws,wlk
4,5,ups,wlk
5,4,wlk,ups
1,3,jog,std
3,2,std,sit
3,2,std,sit
4,5,ups,wlk
3,2,std,sit
3,2,std,sit
4,3,ups,std
3,2,std,sit
1,0,jog,dws
3,2,std,sit
3,2,std,sit
5,0,wlk,dws
5,0,wlk,dws
0,5,dws,wlk
3,2,std,sit
5,1,wlk,jog
1,5,jog,wlk
4,0,ups,dws
0,5,dws,wlk
3,2,std,sit
3,2,std,sit
3,2,std,sit
3,2,std,sit
4,5,ups,wlk
3,2,std,sit
3,2,std,sit
0,4,dws,ups
3,2,std,sit
1,5,jog,wlk
0,5,dws,wlk
3,2,std,sit
3,2,std,sit
3,2,std,sit
3,2,std,sit
0,5,dws,wlk
0,5,dws,wlk
3,4,std,ups
3,2,std,sit
3,2,std,sit
3,2,std,sit
0,5,dws,wlk
4,5,ups,wlk
4,5,ups,wlk
3,2,std,sit
3,2,std,sit
3,2,std,sit
3,2,std,sit
3,2,std,sit
0,5,dws,wlk
3,2,std,sit
3,2,std,sit
3,2,std,sit
3,2,std,sit
0,4,dws,ups
3,2,std,sit
3,2,std,sit
0,5,dws,wlk
0,4,dws,ups
0,5,dws,wlk
0,4,dws,ups
0,4,dws,ups
2,3,sit,std
3,2,std,sit
3,2,std,sit
4,5,ups,wlk
3,2,std,sit
3,2,std,sit
3,2,std,sit
0,5,dws,wlk
3,2,std,sit
3,2,std,sit
3,2,std,sit
4,5,ups,wlk
0,4,dws,ups
5,1,wlk,jog
1,0,jog,dws
0,5,dws,wlk
0,5,dws,wlk
3,2,std,sit
3,2,std,sit
0,5,dws,wlk
0,4,dws,ups
0,5,dws,wlk
0,5,dws,wlk
3,2,std,sit
3,2,std,sit
3,2,std,sit
3,2,std,sit
0,5,dws,wlk
4,5,ups,wlk
3,2,std,sit
0,4,dws,ups
3,2,std,sit
4,5,ups,wlk
3,2,std,sit
4,5,ups,wlk
0,5,dws,wlk
3,2,std,sit
3,2,std,sit
3,2,std,sit
0,5,dws,wlk
3,2,std,sit
0,5,dws,wlk
3,2,std,sit
3,2,std,sit
3,2,std,sit
3,2,std,sit
4,5,ups,wlk
0,5,dws,wlk
3,2,std,sit
5,0,wlk,dws
3,2,std,sit
3,2,std,sit
0,5,dws,wlk
0,5,dws,wlk
5,4,wlk,ups
3,2,std,sit
3,2,std,sit
3,2,std,sit
0,5,dws,wlk
3,2,std,sit
1,5,jog,wlk
0,5,dws,wlk
3,2,std,sit
4,5,ups,wlk
3,2,std,sit
3,2,std,sit
3,2,std,sit
0,4,dws,ups
3,2,std,sit
4,5,ups,wlk
3,2,std,sit
3,2,std,sit
3,2,std,sit
0,4,dws,ups
3,2,std,sit
3,2,std,sit
0,4,dws,ups
3,2,std,sit
3,2,std,sit
3,2,std,sit
0,5,dws,wlk
2,4,sit,ups
3,2,std,sit
3,2,std,sit
3,4,std,ups
3,2,std,sit
3,2,std,sit
3,2,std,sit
0,4,dws,ups
3,2,std,sit
3,2,std,sit
3,2,std,sit
4,5,ups,wlk
3,2,std,sit
4,5,ups,wlk
4,5,ups,wlk
3,2,std,sit
3,2,std,sit
3,2,std,sit
3,2,std,sit
5,4,wlk,ups
3,2,std,sit
3,2,std,sit
3,2,std,sit
4,5,ups,wlk
3,2,std,sit
3,2,std,sit
4,5,ups,wlk
3,2,std,sit
0,5,dws,wlk
3,2,std,sit
0,5,dws,wlk
0,5,dws,wlk
5,4,wlk,ups
4,5,ups,wlk
3,2,std,sit
3,2,std,sit
3,2,std,sit
3,2,std,sit
0,5,dws,wlk
4,5,ups,wlk
0,4,dws,ups
0,5,dws,wlk
0,5,dws,wlk
4,5,ups,wlk
4,0,ups,dws
3,2,std,sit
3,2,std,sit
3,2,std,sit
3,2,std,sit
3,2,std,sit
3,2,std,sit
3,2,std,sit
5,4,wlk,ups
3,2,std,sit
3,2,std,sit
2,3,sit,std
3,2,std,sit
0,5,dws,wlk
5,4,wlk,ups
5,0,wlk,dws
0,5,dws,wlk
5,0,wlk,dws
4,5,ups,wlk
3,2,std,sit
3,2,std,sit
0,5,dws,wlk
3,2,std,sit
3,2,std,sit
4,0,ups,dws
5,4,wlk,ups
0,5,dws,wlk
3,2,std,sit
0,4,dws,ups
3,2,std,sit
4,5,ups,wlk
0,5,dws,wlk
3,2,std,sit
3,2,std,sit
3,2,std,sit
3,2,std,sit
3,2,std,sit
5,0,wlk,dws
3,2,std,sit
3,2,std,sit
3,2,std,sit
0,4,dws,ups
0,4,dws,ups
4,5,ups,wlk
3,2,std,sit
3,2,std,sit
3,2,std,sit
3,2,std,sit
5,0,wlk,dws
4,0,ups,dws
3,2,std,sit
3,2,std,sit
0,5,dws,wlk
3,2,std,sit
3,2,std,sit
5,1,wlk,jog
3,2,std,sit
0,4,dws,ups
3,2,std,sit
3,2,std,sit
4,0,ups,dws
3,2,std,sit
3,2,std,sit
1,5,jog,wlk
3,2,std,sit
0,5,dws,wlk
3,2,std,sit
3,2,std,sit
3,2,std,sit
3,2,std,sit
5,4,wlk,ups
3,2,std,sit
4,5,ups,wlk
3,2,std,sit
3,2,std,sit
3,2,std,sit
3,2,std,sit
3,2,std,sit
4,0,ups,dws
3,2,std,sit
3,2,std,sit
3,2,std,sit
3,5,std,wlk
4,0,ups,dws
5,3,wlk,std
3,2,std,sit
3,2,std,sit
3,2,std,sit
0,4,dws,ups
3,2,std,sit
0,4,dws,ups
3,2,std,sit
0,5,dws,wlk
4,0,ups,dws
3,2,std,sit
3,2,std,sit
3,2,std,sit
3,2,std,sit
0,5,dws,wlk
3,2,std,sit
5,4,wlk,ups
5,4,wlk,ups
3,2,std,sit
3,2,std,sit
3,2,std,sit
3,2,std,sit
3,2,std,sit
3,2,std,sit
3,2,std,sit
4,5,ups,wlk
3,2,std,sit
4,5,ups,wlk
1,5,jog,wlk
0,5,dws,wlk
0,4,dws,ups
3,2,std,sit
3,2,std,sit
0,5,dws,wlk
3,2,std,sit
3,2,std,sit
4,5,ups,wlk
1,5,jog,wlk
4,2,ups,sit
3,2,std,sit
5,4,wlk,ups
0,4,dws,ups
0,5,dws,wlk
4,5,ups,wlk
3,2,std,sit
3,2,std,sit
3,2,std,sit
5,4,wlk,ups
0,5,dws,wlk
4,5,ups,wlk
3,2,std,sit
0,5,dws,wlk
3,2,std,sit
3,2,std,sit
3,2,std,sit
3,2,std,sit
3,2,std,sit
3,2,std,sit
3,2,std,sit
3,2,std,sit
4,5,ups,wlk
3,2,std,sit
3,2,std,sit
3,2,std,sit
3,2,std,sit
0,5,dws,wlk
3,2,std,sit
3,2,std,sit
3,2,std,sit
4,0,ups,dws
0,5,dws,wlk
0,5,dws,wlk
3,2,std,sit
3,2,std,sit
3,2,std,sit
0,5,dws,wlk
3,2,std,sit
3,2,std,sit
4,0,ups,dws
3,2,std,sit
4,5,ups,wlk
0,5,dws,wlk
3,2,std,sit
0,5,dws,wlk
4,5,ups,wlk
0,4,dws,ups
4,5,ups,wlk
0,5,dws,wlk
3,2,std,sit
0,5,dws,wlk
4,3,ups,std
3,2,std,sit
0,5,dws,wlk
3,2,std,sit
3,2,std,sit
0,4,dws,ups
4,3,ups,std
0,5,dws,wlk
0,4,dws,ups
3,2,std,sit
1,0,jog,dws
3,2,std,sit
3,2,std,sit
3,2,std,sit
0,5,dws,wlk
1,0,jog,dws
3,2,std,sit
3,2,std,sit
0,4,dws,ups
3,2,std,sit
3,2,std,sit
3,2,std,sit
0,4,dws,ups
3,2,std,sit
3,2,std,sit
3,2,std,sit
1,5,jog,wlk
0,4,dws,ups
3,2,std,sit
3,2,std,sit
3,2,std,sit
4,5,ups,wlk
3,2,std,sit
3,2,std,sit
3,2,std,sit
3,2,std,sit
4,5,ups,wlk
3,2,std,sit
3,2,std,sit
4,5,ups,wlk
3,2,std,sit
3,2,std,sit
3,2,std,sit
3,2,std,sit
3,2,std,sit
3,2,std,sit
3,2,std,sit
5,0,wlk,dws
3,2,std,sit
3,2,std,sit
1,5,jog,wlk
3,2,std,sit
3,2,std,sit
4,5,ups,wlk
3,2,std,sit
0,5,dws,wlk
3,2,std,sit
3,2,std,sit
3,2,std,sit
0,5,dws,wlk
0,5,dws,wlk
3,2,std,sit
3,2,std,sit
3,2,std,sit
3,2,std,sit
3,2,std,sit
0,5,dws,wlk
3,2,std,sit
3,2,std,sit
4,0,ups,dws
4,5,ups,wlk
3,2,std,sit
3,2,std,sit
3,2,std,sit
4,5,ups,wlk
4,0,ups,dws
3,2,std,sit
4,5,ups,wlk
3,2,std,sit
3,2,std,sit
0,4,dws,ups
3,2,std,sit
3,2,std,sit
3,2,std,sit
5,0,wlk,dws
3,2,std,sit
4,5,ups,wlk
0,4,dws,ups
3,2,std,sit
3,2,std,sit
4,5,ups,wlk
0,4,dws,ups
3,2,std,sit
4,5,ups,wlk
0,4,dws,ups
4,5,ups,wlk
3,2,std,sit
3,2,std,sit
4,5,ups,wlk
5,4,wlk,ups
0,4,dws,ups
3,2,std,sit
4,5,ups,wlk
3,2,std,sit
3,2,std,sit
4,0,ups,dws
3,2,std,sit
3,2,std,sit
3,2,std,sit
3,2,std,sit
3,2,std,sit
0,4,dws,ups
3,2,std,sit
0,5,dws,wlk
3,2,std,sit
4,5,ups,wlk
4,5,ups,wlk
3,2,std,sit
0,4,dws,ups
0,5,dws,wlk
3,2,std,sit
3,2,std,sit
3,2,std,sit
3,2,std,sit
3,2,std,sit
3,2,std,sit
3,2,std,sit
3,2,std,sit
0,5,dws,wlk
3,2,std,sit
3,2,std,sit
3,2,std,sit
0,4,dws,ups
3,2,std,sit
1,5,jog,wlk
3,2,std,sit
3,2,std,sit
3,2,std,sit
3,2,std,sit
0,5,dws,wlk
0,4,dws,ups
3,2,std,sit
0,4,dws,ups
0,4,dws,ups
3,2,std,sit
0,4,dws,ups
0,4,dws,ups
0,5,dws,wlk
3,2,std,sit
3,2,std,sit
3,2,std,sit
0,4,dws,ups
3,2,std,sit
3,2,std,sit
1,4,jog,ups
3,2,std,sit
0,5,dws,wlk
4,0,ups,dws
3,2,std,sit
3,2,std,sit
3,2,std,sit
0,5,dws,wlk
3,2,std,sit
0,4,dws,ups
0,5,dws,wlk
3,2,std,sit
5,0,wlk,dws
3,2,std,sit
3,2,std,sit
3,2,std,sit
0,5,dws,wlk
0,5,dws,wlk
3,2,std,sit
3,2,std,sit
0,5,dws,wlk
0,5,dws,wlk
0,5,dws,wlk
3,2,std,sit
3,2,std,sit
3,2,std,sit
3,2,std,sit
3,2,std,sit
0,5,dws,wlk
3,2,std,sit
4,0,ups,dws
3,2,std,sit
3,2,std,sit
0,4,dws,ups
1,0,jog,dws
3,2,std,sit
3,2,std,sit
4,5,ups,wlk
3,2,std,sit
3,2,std,sit
3,2,std,sit
3,2,std,sit
0,1,dws,jog
3,2,std,sit
4,5,ups,wlk
4,5,ups,wlk
3,2,std,sit
3,2,std,sit
3,2,std,sit
3,2,std,sit
0,5,dws,wlk
0,5,dws,wlk
0,5,dws,wlk
3,2,std,sit
0,4,dws,ups
5,4,wlk,ups
3,2,std,sit
0,5,dws,wlk
3,2,std,sit
3,2,std,sit
5,4,wlk,ups
4,1,ups,jog
3,2,std,sit
3,2,std,sit
3,2,std,sit
4,5,ups,wlk
3,2,std,sit
4,5,ups,wlk
3,2,std,sit
3,2,std,sit
0,4,dws,ups
3,2,std,sit
4,1,ups,jog
3,2,std,sit
3,2,std,sit
3,2,std,sit
0,4,dws,ups
3,2,std,sit
0,5,dws,wlk
3,2,std,sit
3,2,std,sit
0,5,dws,wlk
3,2,std,sit
3,2,std,sit
1,5,jog,wlk
3,2,std,sit
0,5,dws,wlk
3,2,std,sit
0,4,dws,ups
3,2,std,sit
3,2,std,sit
0,4,dws,ups
3,2,std,sit
3,2,std,sit
0,5,dws,wlk
3,2,std,sit
3,2,std,sit
3,2,std,sit
3,2,std,sit
0,5,dws,wlk
3,2,std,sit
2,4,sit,ups
3,2,std,sit
3,2,std,sit
3,2,std,sit
3,2,std,sit
3,2,std,sit
4,5,ups,wlk
4,5,ups,wlk
3,2,std,sit
4,5,ups,wlk
3,2,std,sit
3,2,std,sit
4,5,ups,wlk
3,2,std,sit
3,2,std,sit
0,4,dws,ups
4,0,ups,dws
3,2,std,sit
3,2,std,sit
4,5,ups,wlk
3,2,std,sit
3,2,std,sit
3,2,std,sit
3,2,std,sit
4,5,ups,wlk
3,2,std,sit
3,2,std,sit
3,2,std,sit
3,2,std,sit
3,2,std,sit
3,2,std,sit
0,5,dws,wlk
3,2,std,sit
3,2,std,sit
3,2,std,sit
1,0,jog,dws
3,2,std,sit
3,2,std,sit
3,2,std,sit
4,5,ups,wlk
3,2,std,sit
3,2,std,sit
3,2,std,sit
0,5,dws,wlk
0,5,dws,wlk
3,2,std,sit
3,2,std,sit
3,2,std,sit
3,2,std,sit
3,2,std,sit
1,0,jog,dws
0,5,dws,wlk
4,0,ups,dws
4,5,ups,wlk
3,2,std,sit
3,2,std,sit
3,2,std,sit
4,5,ups,wlk
4,5,ups,wlk
3,2,std,sit
3,2,std,sit
3,2,std,sit
2,3,sit,std
3,2,std,sit
0,4,dws,ups
0,5,dws,wlk
3,2,std,sit
3,2,std,sit
3,2,std,sit
4,0,ups,dws
0,5,dws,wlk
3,2,std,sit
4,5,ups,wlk
0,4,dws,ups
4,5,ups,wlk
3,2,std,sit
3,2,std,sit
5,4,wlk,ups
0,5,dws,wlk
0,4,dws,ups
3,2,std,sit
3,2,std,sit
3,2,std,sit
3,2,std,sit
0,4,dws,ups
5,4,wlk,ups
5,4,wlk,ups
4,5,ups,wlk
3,2,std,sit
0,4,dws,ups
0,5,dws,wlk
4,5,ups,wlk
3,2,std,sit
0,5,dws,wlk
3,2,std,sit
3,2,std,sit
0,5,dws,wlk
3,2,std,sit
3,2,std,sit
3,2,std,sit
3,2,std,sit
3,2,std,sit
3,2,std,sit
3,2,std,sit
0,4,dws,ups
3,2,std,sit
1,5,jog,wlk
0,5,dws,wlk
3,2,std,sit
3,2,std,sit
3,2,std,sit
3,2,std,sit
3,2,std,sit
0,5,dws,wlk
3,2,std,sit
3,2,std,sit
4,0,ups,dws
3,2,std,sit
3,2,std,sit
3,2,std,sit
3,2,std,sit
3,2,std,sit
5,4,wlk,ups
3,2,std,sit
5,4,wlk,ups
3,2,std,sit
3,2,std,sit
3,2,std,sit
3,2,std,sit
3,2,std,sit
0,4,dws,ups
0,5,dws,wlk
5,4,wlk,ups
3,2,std,sit
0,5,dws,wlk
3,2,std,sit
3,2,std,sit
3,2,std,sit
3,2,std,sit
0,4,dws,ups
3,2,std,sit
3,2,std,sit
0,4,dws,ups
3,2,std,sit
3,2,std,sit
3,2,std,sit
3,2,std,sit
4,5,ups,wlk
3,2,std,sit
0,4,dws,ups
3,2,std,sit
3,2,std,sit
3,2,std,sit
3,2,std,sit
0,5,dws,wlk
3,2,std,sit
3,2,std,sit
5,4,wlk,ups
0,4,dws,ups
0,4,dws,ups
3,2,std,sit
3,2,std,sit
3,2,std,sit
3,2,std,sit
3,2,std,sit
0,4,dws,ups
3,2,std,sit
3,4,std,ups
4,0,ups,dws
3,2,std,sit
0,4,dws,ups
0,5,dws,wlk
4,5,ups,wlk
3,2,std,sit
1,5,jog,wlk
4,5,ups,wlk
0,5,dws,wlk
4,5,ups,wlk
5,4,wlk,ups
3,2,std,sit
3,2,std,sit
3,2,std,sit
0,5,dws,wlk
4,0,ups,dws
3,2,std,sit
3,2,std,sit
5,0,wlk,dws
3,2,std,sit
0,5,dws,wlk
3,2,std,sit
4,0,ups,dws
3,2,std,sit
3,2,std,sit
3,2,std,sit
3,2,std,sit
3,2,std,sit
3,2,std,sit
5,4,wlk,ups
4,5,ups,wlk
4,5,ups,wlk
3,2,std,sit
0,4,dws,ups
4,5,ups,wlk
3,2,std,sit
4,5,ups,wlk
4,5,ups,wlk
4,0,ups,dws
0,5,dws,wlk
4,5,ups,wlk
3,2,std,sit
3,2,std,sit
0,4,dws,ups
0,4,dws,ups
0,5,dws,wlk
0,5,dws,wlk
0,5,dws,wlk
3,2,std,sit
3,2,std,sit
3,2,std,sit
2,3,sit,std
0,5,dws,wlk
3,2,std,sit
4,0,ups,dws
3,2,std,sit
3,2,std,sit
4,5,ups,wlk
3,2,std,sit
3,2,std,sit
3,2,std,sit
4,5,ups,wlk
3,2,std,sit
3,2,std,sit
5,4,wlk,ups
3,2,std,sit
0,5,dws,wlk
4,5,ups,wlk
3,2,std,sit
3,2,std,sit
3,2,std,sit
4,5,ups,wlk
3,2,std,sit
3,2,std,sit
4,5,ups,wlk
3,2,std,sit
3,2,std,sit
3,2,std,sit
0,5,dws,wlk
3,2,std,sit
0,4,dws,ups
3,2,std,sit
0,4,dws,ups
0,5,dws,wlk
5,4,wlk,ups
4,0,ups,dws
3,2,std,sit
3,2,std,sit
4,5,ups,wlk
4,5,ups,wlk
0,4,dws,ups
0,4,dws,ups
3,2,std,sit
3,2,std,sit
0,4,dws,ups
0,5,dws,wlk
3,2,std,sit
4,0,ups,dws
3,2,std,sit
3,2,std,sit
0,5,dws,wlk
3,2,std,sit
4,3,ups,std
5,4,wlk,ups
3,2,std,sit
3,2,std,sit
2,3,sit,std
3,2,std,sit
3,2,std,sit
3,2,std,sit
0,5,dws,wlk
3,2,std,sit
4,5,ups,wlk
3,2,std,sit
4,1,ups,jog
0,5,dws,wlk
4,0,ups,dws
3,2,std,sit
3,2,std,sit
4,5,ups,wlk
3,2,std,sit
3,2,std,sit
0,5,dws,wlk
3,2,std,sit
3,2,std,sit
3,2,std,sit
0,4,dws,ups
3,2,std,sit
3,2,std,sit
3,2,std,sit
5,4,wlk,ups
3,2,std,sit
3,2,std,sit
3,2,std,sit
3,2,std,sit
3,2,std,sit
3,2,std,sit
3,2,std,sit
0,5,dws,wlk
3,2,std,sit
3,2,std,sit
0,4,dws,ups
3,2,std,sit
0,4,dws,ups
3,2,std,sit
4,5,ups,wlk
5,0,wlk,dws
4,5,ups,wlk
3,2,std,sit
3,2,std,sit
3,2,std,sit
3,2,std,sit
3,2,std,sit
4,5,ups,wlk
0,5,dws,wlk
3,2,std,sit
4,0,ups,dws
3,2,std,sit
5,4,wlk,ups
4,5,ups,wlk
3,2,std,sit
3,2,std,sit
3,2,std,sit
3,2,std,sit
0,5,dws,wlk
3,2,std,sit
3,2,std,sit
1,4,jog,ups
5,1,wlk,jog
3,2,std,sit
3,2,std,sit
4,0,ups,dws
3,2,std,sit
3,2,std,sit
0,5,dws,wlk
3,2,std,sit
3,2,std,sit
5,4,wlk,ups
3,2,std,sit
3,2,std,sit
0,5,dws,wlk
3,2,std,sit
3,2,std,sit
0,4,dws,ups
3,2,std,sit
3,2,std,sit
4,5,ups,wlk
3,2,std,sit
5,4,wlk,ups
3,2,std,sit
3,2,std,sit
3,2,std,sit
0,5,dws,wlk
0,5,dws,wlk
0,4,dws,ups
3,2,std,sit
3,2,std,sit
0,4,dws,ups
4,5,ups,wlk
3,2,std,sit
3,2,std,sit
3,2,std,sit
3,2,std,sit
3,2,std,sit
0,5,dws,wlk
4,5,ups,wlk
3,2,std,sit
0,4,dws,ups
5,1,wlk,jog
0,5,dws,wlk
0,4,dws,ups
3,2,std,sit
3,2,std,sit
3,2,std,sit
3,2,std,sit
3,2,std,sit
5,4,wlk,ups
0,4,dws,ups
3,2,std,sit
4,5,ups,wlk
3,2,std,sit
3,2,std,sit
1,5,jog,wlk
1,5,jog,wlk
3,2,std,sit
3,2,std,sit
3,2,std,sit
3,2,std,sit
4,5,ups,wlk
4,0,ups,dws
0,5,dws,wlk
0,5,dws,wlk
3,2,std,sit
3,2,std,sit
3,2,std,sit
3,2,std,sit
3,2,std,sit
4,0,ups,dws
3,2,std,sit
3,2,std,sit
4,5,ups,wlk
4,5,ups,wlk
0,5,dws,wlk
3,2,std,sit
0,5,dws,wlk
3,2,std,sit
3,2,std,sit
0,4,dws,ups
3,2,std,sit
3,2,std,sit
0,4,dws,ups
3,2,std,sit
4,5,ups,wlk
0,1,dws,jog
3,2,std,sit
3,2,std,sit
0,5,dws,wlk
4,5,ups,wlk
3,2,std,sit
3,2,std,sit
3,2,std,sit
3,2,std,sit
4,5,ups,wlk
3,2,std,sit
4,5,ups,wlk
3,2,std,sit
0,4,dws,ups
3,2,std,sit
0,5,dws,wlk
3,2,std,sit
4,5,ups,wlk
0,5,dws,wlk
0,5,dws,wlk
3,2,std,sit
0,5,dws,wlk
3,2,std,sit
3,2,std,sit
0,5,dws,wlk
3,2,std,sit
3,2,std,sit
1,4,jog,ups
0,4,dws,ups
4,5,ups,wlk
3,2,std,sit
3,2,std,sit
0,4,dws,ups
3,2,std,sit
0,4,dws,ups
3,2,std,sit
3,2,std,sit
3,2,std,sit
3,2,std,sit
3,2,std,sit
3,2,std,sit
3,2,std,sit
3,2,std,sit
3,2,std,sit
3,2,std,sit
4,0,ups,dws
4,0,ups,dws
4,1,ups,jog
3,2,std,sit
4,5,ups,wlk
4,3,ups,std
5,0,wlk,dws
0,5,dws,wlk
3,2,std,sit
3,2,std,sit
3,2,std,sit
3,2,std,sit
3,2,std,sit
3,2,std,sit
3,2,std,sit
3,2,std,sit
3,2,std,sit
0,5,dws,wlk
3,2,std,sit
3,2,std,sit
3,2,std,sit
3,4,std,ups
0,4,dws,ups
3,2,std,sit
3,2,std,sit
3,2,std,sit
3,2,std,sit
3,2,std,sit
3,2,std,sit
3,2,std,sit
3,2,std,sit
3,2,std,sit
4,5,ups,wlk
0,5,dws,wlk
0,5,dws,wlk
3,2,std,sit
3,2,std,sit
3,2,std,sit
0,5,dws,wlk
5,4,wlk,ups
3,2,std,sit
0,4,dws,ups
4,5,ups,wlk
5,4,wlk,ups
0,4,dws,ups
5,4,wlk,ups
3,2,std,sit
5,0,wlk,dws
0,5,dws,wlk
3,2,std,sit
3,2,std,sit
3,2,std,sit
0,5,dws,wlk
3,2,std,sit
3,2,std,sit
0,4,dws,ups
3,2,std,sit
5,4,wlk,ups
3,2,std,sit
0,5,dws,wlk
3,2,std,sit
3,2,std,sit
3,2,std,sit
0,5,dws,wlk
3,2,std,sit
0,4,dws,ups
0,4,dws,ups
0,4,dws,ups
4,3,ups,std
3,2,std,sit
0,4,dws,ups
3,2,std,sit
3,2,std,sit
3,2,std,sit
3,2,std,sit
3,2,std,sit
4,3,ups,std
3,2,std,sit
3,2,std,sit
3,2,std,sit
3,2,std,sit
3,2,std,sit
0,4,dws,ups
3,2,std,sit
0,5,dws,wlk
3,2,std,sit
3,2,std,sit
3,2,std,sit
3,2,std,sit
4,5,ups,wlk
0,5,dws,wlk
0,5,dws,wlk
3,2,std,sit
5,4,wlk,ups
3,2,std,sit
3,2,std,sit
4,5,ups,wlk
0,4,dws,ups
3,2,std,sit
3,2,std,sit
0,5,dws,wlk
3,2,std,sit
4,5,ups,wlk
3,2,std,sit
3,2,std,sit
3,2,std,sit
0,4,dws,ups
5,4,wlk,ups
3,2,std,sit
3,2,std,sit
3,2,std,sit
0,4,dws,ups
3,2,std,sit
4,0,ups,dws
0,5,dws,wlk
3,2,std,sit
3,2,std,sit
0,4,dws,ups
0,5,dws,wlk
3,2,std,sit
5,4,wlk,ups
3,2,std,sit
3,2,std,sit
3,2,std,sit
4,5,ups,wlk
4,0,ups,dws
3,2,std,sit
3,2,std,sit
3,2,std,sit
4,0,ups,dws
3,2,std,sit
0,5,dws,wlk
0,4,dws,ups
3,2,std,sit
0,5,dws,wlk
3,2,std,sit
3,2,std,sit
0,4,dws,ups
3,2,std,sit
0,5,dws,wlk
3,2,std,sit
4,5,ups,wlk
3,2,std,sit
4,5,ups,wlk
4,0,ups,dws
0,5,dws,wlk
3,2,std,sit
0,4,dws,ups
1,0,jog,dws
5,0,wlk,dws
4,5,ups,wlk
3,2,std,sit
5,0,wlk,dws
5,4,wlk,ups
3,2,std,sit
0,5,dws,wlk
3,2,std,sit
3,2,std,sit
3,2,std,sit
3,2,std,sit
3,2,std,sit
4,5,ups,wlk
3,2,std,sit
0,4,dws,ups
3,2,std,sit
3,2,std,sit
3,2,std,sit
2,3,sit,std
3,2,std,sit
4,0,ups,dws
4,0,ups,dws
3,2,std,sit
3,2,std,sit
5,4,wlk,ups
0,4,dws,ups
5,1,wlk,jog
0,4,dws,ups
0,4,dws,ups
3,2,std,sit
3,2,std,sit
3,2,std,sit
0,4,dws,ups
3,2,std,sit
4,5,ups,wlk
0,5,dws,wlk
5,1,wlk,jog
3,2,std,sit
3,2,std,sit
3,2,std,sit
3,2,std,sit
3,2,std,sit
5,4,wlk,ups
3,2,std,sit
4,5,ups,wlk
3,2,std,sit
3,2,std,sit
4,5,ups,wlk
3,2,std,sit
3,2,std,sit
3,2,std,sit
3,2,std,sit
3,2,std,sit
3,2,std,sit
3,2,std,sit
0,4,dws,ups
4,5,ups,wlk
4,0,ups,dws
0,4,dws,ups
4,5,ups,wlk
3,2,std,sit
3,2,std,sit
0,5,dws,wlk
3,2,std,sit
3,2,std,sit
3,2,std,sit
3,2,std,sit
3,2,std,sit
3,2,std,sit
3,2,std,sit
3,2,std,sit
3,2,std,sit
0,4,dws,ups
3,2,std,sit
5,4,wlk,ups
3,2,std,sit
0,4,dws,ups
4,2,ups,sit
5,4,wlk,ups
3,2,std,sit
3,2,std,sit
4,5,ups,wlk
0,5,dws,wlk
3,2,std,sit
3,2,std,sit
3,2,std,sit
0,5,dws,wlk
3,2,std,sit
5,0,wlk,dws
3,2,std,sit
3,2,std,sit
0,5,dws,wlk
3,2,std,sit
0,4,dws,ups
0,4,dws,ups
3,2,std,sit
3,2,std,sit
3,2,std,sit
3,2,std,sit
0,4,dws,ups
3,2,std,sit
3,2,std,sit
3,2,std,sit
3,2,std,sit
3,4,std,ups
1,5,jog,wlk
4,5,ups,wlk
3,2,std,sit
3,4,std,ups
0,4,dws,ups
3,2,std,sit
0,4,dws,ups
3,2,std,sit
3,2,std,sit
3,2,std,sit
1,4,jog,ups
3,2,std,sit
3,2,std,sit
3,2,std,sit
3,2,std,sit
3,2,std,sit
3,2,std,sit
3,2,std,sit
0,5,dws,wlk
3,2,std,sit
5,4,wlk,ups
3,2,std,sit
0,4,dws,ups
3,2,std,sit
4,0,ups,dws
0,4,dws,ups
3,2,std,sit
4,0,ups,dws
3,2,std,sit
3,2,std,sit
0,5,dws,wlk
4,0,ups,dws
3,2,std,sit
4,5,ups,wlk
4,5,ups,wlk
4,0,ups,dws
3,2,std,sit
3,2,std,sit
3,2,std,sit
3,2,std,sit
3,2,std,sit
0,5,dws,wlk
0,5,dws,wlk
3,2,std,sit
0,5,dws,wlk
3,2,std,sit
0,5,dws,wlk
3,2,std,sit
3,2,std,sit
3,2,std,sit
0,4,dws,ups
3,2,std,sit
0,5,dws,wlk
4,5,ups,wlk
3,2,std,sit
5,4,wlk,ups
3,2,std,sit
0,5,dws,wlk
3,2,std,sit
3,2,std,sit
3,2,std,sit
4,5,ups,wlk
4,5,ups,wlk
0,5,dws,wlk
0,5,dws,wlk
4,5,ups,wlk
0,5,dws,wlk
3,2,std,sit
3,2,std,sit
5,4,wlk,ups
1,5,jog,wlk
0,5,dws,wlk
4,5,ups,wlk
3,2,std,sit
3,2,std,sit
1,5,jog,wlk
3,2,std,sit
0,4,dws,ups
4,0,ups,dws
3,2,std,sit
3,2,std,sit
3,2,std,sit
3,2,std,sit
3,2,std,sit
3,2,std,sit
3,2,std,sit
3,2,std,sit
3,2,std,sit
0,4,dws,ups
0,5,dws,wlk
3,2,std,sit
3,2,std,sit
3,2,std,sit
5,4,wlk,ups
4,2,ups,sit
0,4,dws,ups
3,2,std,sit
3,2,std,sit
3,2,std,sit
0,4,dws,ups
3,2,std,sit
0,5,dws,wlk
3,2,std,sit
3,2,std,sit
3,2,std,sit
3,2,std,sit
3,2,std,sit
3,2,std,sit
3,2,std,sit
0,5,dws,wlk
1,5,jog,wlk
3,2,std,sit
5,4,wlk,ups
5,0,wlk,dws
3,2,std,sit
0,4,dws,ups
4,5,ups,wlk
5,0,wlk,dws
0,5,dws,wlk
3,2,std,sit
3,2,std,sit
3,2,std,sit
3,2,std,sit
3,2,std,sit
4,5,ups,wlk
3,2,std,sit
5,0,wlk,dws
3,2,std,sit
3,2,std,sit
3,2,std,sit
3,2,std,sit
0,4,dws,ups
0,5,dws,wlk
3,2,std,sit
4,5,ups,wlk
3,2,std,sit
3,2,std,sit
3,2,std,sit
3,2,std,sit
3,2,std,sit
0,5,dws,wlk
3,2,std,sit
0,5,dws,wlk
4,5,ups,wlk
3,2,std,sit
0,5,dws,wlk
0,4,dws,ups
3,2,std,sit
3,2,std,sit
4,5,ups,wlk
1,5,jog,wlk
3,2,std,sit
3,2,std,sit
4,5,ups,wlk
5,0,wlk,dws
0,5,dws,wlk
3,2,std,sit
1,5,jog,wlk
3,2,std,sit
3,2,std,sit
5,4,wlk,ups
3,2,std,sit
5,4,wlk,ups
3,2,std,sit
0,1,dws,jog
0,5,dws,wlk
3,2,std,sit
0,4,dws,ups
1,2,jog,sit
3,2,std,sit
3,2,std,sit
3,2,std,sit
0,4,dws,ups
3,2,std,sit
3,2,std,sit
3,2,std,sit
3,2,std,sit
3,2,std,sit
3,2,std,sit
3,2,std,sit
4,5,ups,wlk
4,5,ups,wlk
4,5,ups,wlk
4,5,ups,wlk
5,4,wlk,ups
0,5,dws,wlk
3,2,std,sit
3,2,std,sit
0,5,dws,wlk
3,2,std,sit
0,5,dws,wlk
0,5,dws,wlk
4,5,ups,wlk
5,4,wlk,ups
0,4,dws,ups
3,2,std,sit
3,2,std,sit
3,2,std,sit
0,4,dws,ups
3,2,std,sit
3,2,std,sit
0,4,dws,ups
3,2,std,sit
3,2,std,sit
3,2,std,sit
3,2,std,sit
1,5,jog,wlk
3,2,std,sit
5,4,wlk,ups
0,4,dws,ups
3,2,std,sit
1,5,jog,wlk
5,1,wlk,jog
2,3,sit,std
4,5,ups,wlk
3,2,std,sit
5,0,wlk,dws
3,2,std,sit
3,2,std,sit
4,5,ups,wlk
2,4,sit,ups
3,2,std,sit
0,4,dws,ups
0,4,dws,ups
3,2,std,sit
0,5,dws,wlk
4,5,ups,wlk
3,2,std,sit
0,4,dws,ups
3,2,std,sit
3,2,std,sit
3,4,std,ups
4,5,ups,wlk
0,5,dws,wlk
3,2,std,sit
0,5,dws,wlk
3,2,std,sit
3,2,std,sit
3,2,std,sit
3,2,std,sit
4,5,ups,wlk
0,5,dws,wlk
3,2,std,sit
3,2,std,sit
3,2,std,sit
3,2,std,sit
3,2,std,sit
5,4,wlk,ups
3,2,std,sit
3,2,std,sit
3,2,std,sit
0,5,dws,wlk
3,2,std,sit
3,2,std,sit
3,2,std,sit
2,3,sit,std
3,2,std,sit
4,5,ups,wlk
3,2,std,sit
0,4,dws,ups
3,2,std,sit
3,2,std,sit
3,2,std,sit
4,0,ups,dws
3,2,std,sit
0,4,dws,ups
3,2,std,sit
3,2,std,sit
0,4,dws,ups
0,4,dws,ups
3,2,std,sit
0,4,dws,ups
2,3,sit,std
3,2,std,sit
5,4,wlk,ups
4,5,ups,wlk
3,2,std,sit
0,5,dws,wlk
3,2,std,sit
3,2,std,sit
3,2,std,sit
3,2,std,sit
3,2,std,sit
3,2,std,sit
3,2,std,sit
0,4,dws,ups
0,5,dws,wlk
0,4,dws,ups
0,5,dws,wlk
3,2,std,sit
3,2,std,sit
3,2,std,sit
3,2,std,sit
1,5,jog,wlk
3,2,std,sit
4,5,ups,wlk
3,2,std,sit
4,0,ups,dws
3,2,std,sit
3,2,std,sit
3,2,std,sit
3,2,std,sit
3,2,std,sit
5,0,wlk,dws
3,2,std,sit
3,2,std,sit
3,2,std,sit
3,2,std,sit
1,5,jog,wlk
4,5,ups,wlk
3,2,std,sit
3,2,std,sit
3,2,std,sit
4,5,ups,wlk
5,4,wlk,ups
0,5,dws,wlk
3,2,std,sit
1,5,jog,wlk
4,5,ups,wlk
3,2,std,sit
3,2,std,sit
0,5,dws,wlk
3,2,std,sit
2,3,sit,std
3,2,std,sit
4,5,ups,wlk
3,2,std,sit
3,2,std,sit
3,2,std,sit
3,2,std,sit
3,2,std,sit
4,5,ups,wlk
3,2,std,sit
3,2,std,sit
3,2,std,sit
5,1,wlk,jog
3,2,std,sit
3,2,std,sit
4,5,ups,wlk
3,2,std,sit
0,5,dws,wlk
4,5,ups,wlk
5,4,wlk,ups
4,5,ups,wlk
5,0,wlk,dws
3,2,std,sit
4,5,ups,wlk
3,2,std,sit
3,2,std,sit
5,3,wlk,std
3,2,std,sit
3,2,std,sit
3,2,std,sit
3,2,std,sit
3,2,std,sit
3,2,std,sit
3,2,std,sit
4,5,ups,wlk
3,2,std,sit
3,2,std,sit
0,4,dws,ups
3,2,std,sit
3,2,std,sit
3,2,std,sit
3,2,std,sit
3,2,std,sit
1,4,jog,ups
3,2,std,sit
3,2,std,sit
3,2,std,sit
3,2,std,sit
3,2,std,sit
3,2,std,sit
0,4,dws,ups
0,4,dws,ups
5,2,wlk,sit
4,0,ups,dws
3,2,std,sit
0,4,dws,ups
3,2,std,sit
4,5,ups,wlk
3,2,std,sit
0,4,dws,ups
3,2,std,sit
3,2,std,sit
4,5,ups,wlk
3,2,std,sit
4,5,ups,wlk
0,4,dws,ups
3,2,std,sit
0,5,dws,wlk
3,2,std,sit
0,4,dws,ups
4,0,ups,dws
0,5,dws,wlk
4,5,ups,wlk
3,2,std,sit
0,5,dws,wlk
3,2,std,sit
3,2,std,sit
2,4,sit,ups
3,2,std,sit
3,2,std,sit
3,2,std,sit
4,5,ups,wlk
3,2,std,sit
3,2,std,sit
3,2,std,sit
5,0,wlk,dws
3,2,std,sit
3,2,std,sit
3,2,std,sit
3,2,std,sit
3,2,std,sit
0,5,dws,wlk
0,5,dws,wlk
3,2,std,sit
3,2,std,sit
3,2,std,sit
0,5,dws,wlk
0,5,dws,wlk
3,2,std,sit
3,2,std,sit
3,2,std,sit
3,2,std,sit
0,4,dws,ups
3,2,std,sit
3,2,std,sit
4,0,ups,dws
3,2,std,sit
3,2,std,sit
3,2,std,sit
3,2,std,sit
0,5,dws,wlk
1,4,jog,ups
4,5,ups,wlk
4,5,ups,wlk
3,2,std,sit
3,2,std,sit
4,3,ups,std
4,5,ups,wlk
3,2,std,sit
3,2,std,sit
4,0,ups,dws
4,5,ups,wlk
3,2,std,sit
0,5,dws,wlk
5,4,wlk,ups
4,5,ups,wlk
3,2,std,sit
3,2,std,sit
1,5,jog,wlk
3,2,std,sit
3,2,std,sit
3,2,std,sit
3,2,std,sit
4,5,ups,wlk
3,2,std,sit
3,2,std,sit
4,0,ups,dws
3,2,std,sit
0,5,dws,wlk
0,5,dws,wlk
3,2,std,sit
3,2,std,sit
3,2,std,sit
3,2,std,sit
0,5,dws,wlk
4,5,ups,wlk
4,5,ups,wlk
3,2,std,sit
3,2,std,sit
0,5,dws,wlk
4,5,ups,wlk
0,4,dws,ups
4,5,ups,wlk
3,2,std,sit
3,2,std,sit
5,1,wlk,jog
1,4,jog,ups
3,2,std,sit
0,4,dws,ups
3,2,std,sit
3,2,std,sit
5,4,wlk,ups
3,2,std,sit
3,2,std,sit
0,4,dws,ups
3,2,std,sit
3,2,std,sit
3,2,std,sit
3,2,std,sit
4,5,ups,wlk
3,2,std,sit
3,2,std,sit
0,4,dws,ups
4,5,ups,wlk
3,2,std,sit
5,0,wlk,dws
5,4,wlk,ups
3,2,std,sit
4,0,ups,dws
3,2,std,sit
4,5,ups,wlk
5,4,wlk,ups
0,4,dws,ups
3,2,std,sit
3,2,std,sit
3,2,std,sit
4,5,ups,wlk
3,2,std,sit
3,2,std,sit
0,5,dws,wlk
0,4,dws,ups
3,2,std,sit
3,2,std,sit
3,2,std,sit
1,0,jog,dws
0,4,dws,ups
0,5,dws,wlk
0,5,dws,wlk
3,2,std,sit
5,4,wlk,ups
3,2,std,sit
3,2,std,sit
3,2,std,sit
3,2,std,sit
0,5,dws,wlk
1,5,jog,wlk
0,4,dws,ups
4,0,ups,dws
0,5,dws,wlk
0,4,dws,ups
0,4,dws,ups
3,2,std,sit
5,4,wlk,ups
3,2,std,sit
3,2,std,sit
0,5,dws,wlk
5,4,wlk,ups
3,2,std,sit
4,0,ups,dws
3,2,std,sit
3,2,std,sit
3,2,std,sit
3,2,std,sit
1,5,jog,wlk
0,5,dws,wlk
3,2,std,sit
5,4,wlk,ups
0,5,dws,wlk
0,4,dws,ups
3,2,std,sit
3,2,std,sit
3,2,std,sit
3,2,std,sit
3,2,std,sit
3,2,std,sit
3,2,std,sit
5,4,wlk,ups
0,5,dws,wlk
0,4,dws,ups
4,0,ups,dws
4,5,ups,wlk
4,5,ups,wlk
3,2,std,sit
3,2,std,sit
3,2,std,sit
3,2,std,sit
3,2,std,sit
3,2,std,sit
3,2,std,sit
3,2,std,sit
3,2,std,sit
4,0,ups,dws
5,1,wlk,jog
3,2,std,sit
1,0,jog,dws
4,5,ups,wlk
3,2,std,sit
0,4,dws,ups
3,2,std,sit
5,4,wlk,ups
0,4,dws,ups
3,2,std,sit
4,5,ups,wlk
0,4,dws,ups
3,2,std,sit
5,4,wlk,ups
3,2,std,sit
0,5,dws,wlk
3,2,std,sit
0,5,dws,wlk
0,5,dws,wlk
3,2,std,sit
4,0,ups,dws
3,2,std,sit
4,5,ups,wlk
0,5,dws,wlk
5,3,wlk,std
3,2,std,sit
3,2,std,sit
5,4,wlk,ups
3,2,std,sit
3,2,std,sit
0,5,dws,wlk
0,5,dws,wlk
5,4,wlk,ups
3,2,std,sit
3,2,std,sit
3,2,std,sit
3,2,std,sit
1,5,jog,wlk
3,2,std,sit
3,2,std,sit
3,2,std,sit
3,2,std,sit
4,5,ups,wlk
3,2,std,sit
0,5,dws,wlk
5,4,wlk,ups
4,5,ups,wlk
3,2,std,sit
3,2,std,sit
3,2,std,sit
5,0,wlk,dws
3,2,std,sit
3,2,std,sit
3,2,std,sit
3,2,std,sit
3,2,std,sit
4,5,ups,wlk
3,2,std,sit
0,4,dws,ups
3,2,std,sit
4,5,ups,wlk
3,2,std,sit
4,5,ups,wlk
3,2,std,sit
0,5,dws,wlk
3,2,std,sit
0,4,dws,ups
3,2,std,sit
5,4,wlk,ups
4,1,ups,jog
3,2,std,sit
3,2,std,sit
3,2,std,sit
4,5,ups,wlk
3,2,std,sit
3,2,std,sit
0,5,dws,wlk
5,4,wlk,ups
0,4,dws,ups
3,2,std,sit
4,5,ups,wlk
3,2,std,sit
3,2,std,sit
3,2,std,sit
5,4,wlk,ups
3,2,std,sit
1,5,jog,wlk
4,5,ups,wlk
3,2,std,sit
0,5,dws,wlk
0,4,dws,ups
3,2,std,sit
3,2,std,sit
3,2,std,sit
3,2,std,sit
0,5,dws,wlk
0,5,dws,wlk
5,1,wlk,jog
3,2,std,sit
0,5,dws,wlk
0,4,dws,ups
0,5,dws,wlk
3,2,std,sit
0,5,dws,wlk
0,5,dws,wlk
3,2,std,sit
5,4,wlk,ups
0,4,dws,ups
3,2,std,sit
4,5,ups,wlk
3,2,std,sit
3,2,std,sit
5,4,wlk,ups
3,2,std,sit
3,2,std,sit
0,4,dws,ups
0,5,dws,wlk
3,2,std,sit
3,2,std,sit
3,2,std,sit
4,5,ups,wlk
3,2,std,sit
3,2,std,sit
0,5,dws,wlk
4,5,ups,wlk
0,5,dws,wlk
3,2,std,sit
1,4,jog,ups
3,2,std,sit
3,2,std,sit
3,2,std,sit
0,5,dws,wlk
3,2,std,sit
3,2,std,sit
0,5,dws,wlk
3,2,std,sit
3,2,std,sit
0,5,dws,wlk
3,2,std,sit
3,2,std,sit
3,2,std,sit
0,5,dws,wlk
4,5,ups,wlk
0,5,dws,wlk
3,2,std,sit
3,2,std,sit
3,5,std,wlk
0,5,dws,wlk
3,2,std,sit
3,2,std,sit
0,5,dws,wlk
5,4,wlk,ups
3,2,std,sit
3,2,std,sit
4,0,ups,dws
3,2,std,sit
3,2,std,sit
3,2,std,sit
3,2,std,sit
3,2,std,sit
4,5,ups,wlk
5,4,wlk,ups
3,2,std,sit
3,2,std,sit
0,5,dws,wlk
3,2,std,sit
4,5,ups,wlk
3,2,std,sit
5,4,wlk,ups
3,2,std,sit
0,4,dws,ups
3,2,std,sit
4,5,ups,wlk
3,2,std,sit
3,2,std,sit
3,2,std,sit
0,4,dws,ups
5,4,wlk,ups
3,2,std,sit
0,4,dws,ups
0,5,dws,wlk
3,2,std,sit
3,2,std,sit
3,2,std,sit
3,2,std,sit
5,1,wlk,jog
0,5,dws,wlk
4,0,ups,dws
3,2,std,sit
3,2,std,sit
0,5,dws,wlk
3,2,std,sit
0,5,dws,wlk
3,2,std,sit
3,2,std,sit
4,5,ups,wlk
3,2,std,sit
0,5,dws,wlk
3,2,std,sit
3,2,std,sit
3,2,std,sit
3,2,std,sit
3,2,std,sit
3,2,std,sit
4,5,ups,wlk
3,2,std,sit
3,2,std,sit
0,5,dws,wlk
3,2,std,sit
4,5,ups,wlk
4,5,ups,wlk
3,2,std,sit
3,2,std,sit
3,2,std,sit
4,5,ups,wlk
3,2,std,sit
3,2,std,sit
0,4,dws,ups
4,5,ups,wlk
4,5,ups,wlk
3,2,std,sit
3,2,std,sit
1,5,jog,wlk
0,1,dws,jog
5,4,wlk,ups
4,3,ups,std
3,2,std,sit
0,5,dws,wlk
3,2,std,sit
3,2,std,sit
4,5,ups,wlk
3,2,std,sit
3,2,std,sit
3,2,std,sit
3,2,std,sit
3,2,std,sit
3,2,std,sit
4,5,ups,wlk
5,4,wlk,ups
3,2,std,sit
3,2,std,sit
3,2,std,sit
3,2,std,sit
5,0,wlk,dws
1,5,jog,wlk
3,2,std,sit
3,2,std,sit
3,2,std,sit
3,2,std,sit
4,5,ups,wlk
3,2,std,sit
4,5,ups,wlk
0,5,dws,wlk
3,2,std,sit
0,4,dws,ups
0,5,dws,wlk
3,2,std,sit
4,5,ups,wlk
0,4,dws,ups
4,0,ups,dws
5,1,wlk,jog
3,2,std,sit
3,2,std,sit
3,2,std,sit
3,2,std,sit
0,5,dws,wlk
5,0,wlk,dws
1,5,jog,wlk
0,4,dws,ups
3,2,std,sit
5,4,wlk,ups
3,2,std,sit
3,2,std,sit
4,0,ups,dws
3,2,std,sit
3,2,std,sit
3,2,std,sit
3,2,std,sit
4,5,ups,wlk
4,0,ups,dws
3,2,std,sit
0,5,dws,wlk
3,2,std,sit
3,2,std,sit
0,5,dws,wlk
3,2,std,sit
4,0,ups,dws
3,2,std,sit
3,2,std,sit
3,2,std,sit
3,2,std,sit
0,4,dws,ups
3,2,std,sit
0,5,dws,wlk
3,2,std,sit
3,2,std,sit
0,4,dws,ups
0,5,dws,wlk
3,2,std,sit
3,2,std,sit
3,2,std,sit
0,4,dws,ups
3,2,std,sit
3,2,std,sit
0,5,dws,wlk
3,2,std,sit
3,2,std,sit
5,4,wlk,ups
0,5,dws,wlk
3,2,std,sit
0,4,dws,ups
0,5,dws,wlk
3,2,std,sit
3,4,std,ups
4,5,ups,wlk
3,2,std,sit
3,2,std,sit
3,2,std,sit
4,5,ups,wlk
0,5,dws,wlk
3,2,std,sit
0,5,dws,wlk
3,2,std,sit
3,2,std,sit
3,2,std,sit
0,4,dws,ups
3,2,std,sit
4,5,ups,wlk
3,2,std,sit
0,5,dws,wlk
3,2,std,sit
0,4,dws,ups
4,5,ups,wlk
3,2,std,sit
3,2,std,sit
3,2,std,sit
0,4,dws,ups
3,4,std,ups
3,2,std,sit
3,2,std,sit
5,4,wlk,ups
0,5,dws,wlk
3,2,std,sit
4,5,ups,wlk
3,2,std,sit
0,4,dws,ups
0,5,dws,wlk
3,4,std,ups
3,2,std,sit
3,2,std,sit
3,2,std,sit
1,4,jog,ups
3,2,std,sit
3,2,std,sit
3,2,std,sit
3,2,std,sit
3,2,std,sit
3,4,std,ups
3,2,std,sit
3,2,std,sit
3,2,std,sit
1,5,jog,wlk
0,3,dws,std
4,5,ups,wlk
0,4,dws,ups
3,2,std,sit
3,2,std,sit
3,2,std,sit
3,2,std,sit
3,2,std,sit
3,2,std,sit
5,4,wlk,ups
3,2,std,sit
4,5,ups,wlk
4,5,ups,wlk
3,2,std,sit
3,2,std,sit
3,2,std,sit
0,5,dws,wlk
3,2,std,sit
0,5,dws,wlk
0,4,dws,ups
5,4,wlk,ups
3,2,std,sit
5,4,wlk,ups
0,4,dws,ups
3,2,std,sit
3,2,std,sit
3,2,std,sit
4,5,ups,wlk
3,2,std,sit
3,2,std,sit
4,0,ups,dws
4,5,ups,wlk
4,5,ups,wlk
3,2,std,sit
4,5,ups,wlk
3,2,std,sit
4,5,ups,wlk
0,5,dws,wlk
3,2,std,sit
3,2,std,sit
4,5,ups,wlk
3,2,std,sit
3,2,std,sit
3,2,std,sit
3,2,std,sit
3,2,std,sit
0,5,dws,wlk
3,2,std,sit
0,4,dws,ups
3,2,std,sit
3,2,std,sit
4,5,ups,wlk
3,2,std,sit
3,2,std,sit
0,4,dws,ups
0,5,dws,wlk
3,2,std,sit
3,2,std,sit
0,5,dws,wlk
3,2,std,sit
3,2,std,sit
4,5,ups,wlk
5,4,wlk,ups
1,5,jog,wlk
4,0,ups,dws
3,2,std,sit
3,2,std,sit
3,2,std,sit
3,2,std,sit
3,2,std,sit
0,5,dws,wlk
3,2,std,sit
0,5,dws,wlk
3,2,std,sit
0,5,dws,wlk
3,2,std,sit
3,2,std,sit
3,2,std,sit
3,2,std,sit
0,4,dws,ups
0,5,dws,wlk
0,5,dws,wlk
4,5,ups,wlk
3,2,std,sit
3,2,std,sit
3,2,std,sit
4,5,ups,wlk
5,4,wlk,ups
3,2,std,sit
3,2,std,sit
3,2,std,sit
3,2,std,sit
3,2,std,sit
3,2,std,sit
4,0,ups,dws
3,2,std,sit
3,2,std,sit
0,4,dws,ups
3,2,std,sit
3,2,std,sit
1,5,jog,wlk
3,2,std,sit
4,3,ups,std
0,5,dws,wlk
3,4,std,ups
3,2,std,sit
3,2,std,sit
3,2,std,sit
3,2,std,sit
0,5,dws,wlk
3,2,std,sit
3,2,std,sit
0,5,dws,wlk
0,4,dws,ups
3,2,std,sit
5,3,wlk,std
4,1,ups,jog
4,5,ups,wlk
0,5,dws,wlk
4,5,ups,wlk
3,2,std,sit
3,2,std,sit
3,2,std,sit
3,2,std,sit
3,2,std,sit
3,2,std,sit
4,5,ups,wlk
3,2,std,sit
3,2,std,sit
0,5,dws,wlk
4,0,ups,dws
4,5,ups,wlk
3,2,std,sit
3,2,std,sit
3,2,std,sit
3,2,std,sit
4,5,ups,wlk
4,3,ups,std
3,2,std,sit
3,2,std,sit
3,2,std,sit
3,2,std,sit
3,2,std,sit
3,2,std,sit
3,2,std,sit
4,3,ups,std
3,2,std,sit
0,5,dws,wlk
3,2,std,sit
3,4,std,ups
3,2,std,sit
0,4,dws,ups
3,2,std,sit
3,2,std,sit
3,2,std,sit
3,2,std,sit
3,2,std,sit
3,2,std,sit
0,4,dws,ups
4,5,ups,wlk
0,4,dws,ups
0,5,dws,wlk
4,5,ups,wlk
3,2,std,sit
3,2,std,sit
4,5,ups,wlk
3,2,std,sit
5,1,wlk,jog
3,2,std,sit
3,2,std,sit
3,2,std,sit
3,2,std,sit
0,5,dws,wlk
3,2,std,sit
3,2,std,sit
3,2,std,sit
3,2,std,sit
3,2,std,sit
4,5,ups,wlk
1,0,jog,dws
1,0,jog,dws
3,2,std,sit
3,2,std,sit
4,0,ups,dws
0,5,dws,wlk
0,4,dws,ups
0,5,dws,wlk
3,2,std,sit
0,5,dws,wlk
4,0,ups,dws
0,5,dws,wlk
4,0,ups,dws
3,2,std,sit
3,2,std,sit
1,5,jog,wlk
4,5,ups,wlk
0,4,dws,ups
0,5,dws,wlk
3,2,std,sit
0,3,dws,std
0,5,dws,wlk
1,5,jog,wlk
3,2,std,sit
3,2,std,sit
0,5,dws,wlk
5,4,wlk,ups
3,2,std,sit
3,2,std,sit
4,0,ups,dws
2,3,sit,std
1,4,jog,ups
3,2,std,sit
3,2,std,sit
3,2,std,sit
3,2,std,sit
5,0,wlk,dws
3,2,std,sit
3,2,std,sit
3,2,std,sit
3,2,std,sit
5,4,wlk,ups
0,4,dws,ups
4,3,ups,std
3,2,std,sit
3,2,std,sit
3,2,std,sit
3,2,std,sit
0,4,dws,ups
3,2,std,sit
3,2,std,sit
3,2,std,sit
3,2,std,sit
3,2,std,sit
3,2,std,sit
0,5,dws,wlk
4,5,ups,wlk
3,2,std,sit
2,3,sit,std
4,5,ups,wlk
0,5,dws,wlk
3,2,std,sit
5,4,wlk,ups
4,5,ups,wlk
0,5,dws,wlk
0,5,dws,wlk
3,2,std,sit
3,2,std,sit
3,2,std,sit
5,4,wlk,ups
0,5,dws,wlk
3,2,std,sit
0,5,dws,wlk
3,2,std,sit
0,5,dws,wlk
3,2,std,sit
3,2,std,sit
4,0,ups,dws
0,5,dws,wlk
4,5,ups,wlk
3,2,std,sit
3,2,std,sit
3,2,std,sit
4,5,ups,wlk
4,5,ups,wlk
0,5,dws,wlk
3,2,std,sit
3,2,std,sit
3,2,std,sit
3,2,std,sit
3,2,std,sit
3,2,std,sit
3,2,std,sit
3,2,std,sit
3,2,std,sit
0,5,dws,wlk
0,4,dws,ups
3,2,std,sit
3,2,std,sit
3,2,std,sit
0,4,dws,ups
3,2,std,sit
4,5,ups,wlk
3,2,std,sit
5,0,wlk,dws
3,2,std,sit
3,2,std,sit
4,0,ups,dws
3,2,std,sit
3,2,std,sit
3,2,std,sit
0,5,dws,wlk
3,2,std,sit
0,5,dws,wlk
4,5,ups,wlk
0,4,dws,ups
3,2,std,sit
3,2,std,sit
3,2,std,sit
3,2,std,sit
3,2,std,sit
4,5,ups,wlk
3,2,std,sit
3,2,std,sit
3,2,std,sit
3,2,std,sit
3,2,std,sit
3,2,std,sit
1,0,jog,dws
3,2,std,sit
3,2,std,sit
3,2,std,sit
3,2,std,sit
3,2,std,sit
3,2,std,sit
3,2,std,sit
3,2,std,sit
0,4,dws,ups
0,5,dws,wlk
3,2,std,sit
5,4,wlk,ups
3,2,std,sit
3,2,std,sit
3,2,std,sit
3,2,std,sit
3,2,std,sit
0,5,dws,wlk
0,5,dws,wlk
5,4,wlk,ups
3,2,std,sit
5,4,wlk,ups
3,2,std,sit
3,2,std,sit
5,4,wlk,ups
4,5,ups,wlk
3,2,std,sit
3,2,std,sit
3,2,std,sit
3,2,std,sit
3,2,std,sit
3,2,std,sit
3,2,std,sit
3,2,std,sit
5,0,wlk,dws
3,2,std,sit
3,2,std,sit
0,5,dws,wlk
3,2,std,sit
3,2,std,sit
3,2,std,sit
0,5,dws,wlk
4,5,ups,wlk
3,2,std,sit
0,4,dws,ups
3,2,std,sit
3,2,std,sit
3,2,std,sit
3,2,std,sit
0,5,dws,wlk
4,5,ups,wlk
0,4,dws,ups
3,2,std,sit
3,2,std,sit
3,2,std,sit
3,2,std,sit
4,5,ups,wlk
3,2,std,sit
0,4,dws,ups
3,2,std,sit
3,2,std,sit
0,4,dws,ups
3,2,std,sit
0,5,dws,wlk
3,2,std,sit
0,5,dws,wlk
5,4,wlk,ups
3,2,std,sit
3,2,std,sit
0,4,dws,ups
4,5,ups,wlk
3,2,std,sit
3,2,std,sit
3,2,std,sit
4,5,ups,wlk
3,2,std,sit
0,4,dws,ups
3,2,std,sit
3,2,std,sit
4,5,ups,wlk
3,2,std,sit
3,2,std,sit
3,2,std,sit
0,5,dws,wlk
4,5,ups,wlk
3,2,std,sit
3,2,std,sit
4,5,ups,wlk
3,2,std,sit
3,2,std,sit
0,4,dws,ups
3,2,std,sit
4,5,ups,wlk
5,0,wlk,dws
3,2,std,sit
0,5,dws,wlk
3,2,std,sit
1,5,jog,wlk
4,0,ups,dws
0,4,dws,ups
3,2,std,sit
3,2,std,sit
3,2,std,sit
3,2,std,sit
5,4,wlk,ups
3,2,std,sit
3,2,std,sit
0,4,dws,ups
3,2,std,sit
3,2,std,sit
0,5,dws,wlk
0,5,dws,wlk
0,5,dws,wlk
5,4,wlk,ups
3,2,std,sit
0,5,dws,wlk
0,5,dws,wlk
3,2,std,sit
4,5,ups,wlk
0,5,dws,wlk
3,2,std,sit
2,3,sit,std
3,2,std,sit
3,2,std,sit
3,2,std,sit
3,2,std,sit
3,2,std,sit
5,0,wlk,dws
3,2,std,sit
3,2,std,sit
5,4,wlk,ups
0,4,dws,ups
0,5,dws,wlk
3,2,std,sit
3,2,std,sit
3,2,std,sit
3,2,std,sit
5,0,wlk,dws
1,4,jog,ups
3,2,std,sit
0,5,dws,wlk
3,2,std,sit
4,0,ups,dws
3,2,std,sit
3,2,std,sit
3,2,std,sit
0,4,dws,ups
4,5,ups,wlk
0,5,dws,wlk
3,2,std,sit
4,5,ups,wlk
3,2,std,sit
5,4,wlk,ups
4,0,ups,dws
3,2,std,sit
4,5,ups,wlk
3,2,std,sit
3,2,std,sit
3,2,std,sit
3,2,std,sit
0,5,dws,wlk
0,2,dws,sit
0,5,dws,wlk
4,0,ups,dws
3,2,std,sit
3,2,std,sit
2,3,sit,std
3,2,std,sit
0,5,dws,wlk
0,4,dws,ups
0,4,dws,ups
3,2,std,sit
3,4,std,ups
3,2,std,sit
3,2,std,sit
3,2,std,sit
3,2,std,sit
3,2,std,sit
0,5,dws,wlk
3,2,std,sit
3,2,std,sit
4,5,ups,wlk
3,2,std,sit
4,5,ups,wlk
3,2,std,sit
3,2,std,sit
1,4,jog,ups
0,5,dws,wlk
0,5,dws,wlk
3,2,std,sit
0,4,dws,ups
0,3,dws,std
4,5,ups,wlk
3,2,std,sit
4,5,ups,wlk
3,2,std,sit
0,4,dws,ups
3,2,std,sit
4,5,ups,wlk
3,2,std,sit
4,5,ups,wlk
4,0,ups,dws
2,3,sit,std
3,2,std,sit
3,2,std,sit
0,4,dws,ups
4,5,ups,wlk
3,2,std,sit
5,4,wlk,ups
3,2,std,sit
4,5,ups,wlk
0,5,dws,wlk
3,2,std,sit
3,2,std,sit
3,2,std,sit
3,2,std,sit
3,2,std,sit
0,5,dws,wlk
3,2,std,sit
4,5,ups,wlk
3,2,std,sit
3,2,std,sit
3,2,std,sit
0,5,dws,wlk
3,2,std,sit
5,4,wlk,ups
4,5,ups,wlk
3,2,std,sit
0,5,dws,wlk
4,0,ups,dws
0,4,dws,ups
3,2,std,sit
3,2,std,sit
0,5,dws,wlk
3,2,std,sit
0,5,dws,wlk
4,5,ups,wlk
2,4,sit,ups
0,4,dws,ups
3,2,std,sit
3,2,std,sit
3,2,std,sit
3,2,std,sit
3,2,std,sit
1,5,jog,wlk
3,2,std,sit
5,1,wlk,jog
3,2,std,sit
5,4,wlk,ups
3,2,std,sit
3,2,std,sit
3,2,std,sit
4,3,ups,std
3,2,std,sit
3,2,std,sit
3,2,std,sit
3,2,std,sit
3,2,std,sit
3,2,std,sit
5,1,wlk,jog
1,0,jog,dws
3,2,std,sit
3,2,std,sit
0,5,dws,wlk
3,2,std,sit
3,2,std,sit
3,2,std,sit
0,5,dws,wlk
4,5,ups,wlk
3,2,std,sit
4,5,ups,wlk
3,2,std,sit
5,4,wlk,ups
3,2,std,sit
3,2,std,sit
3,2,std,sit
5,4,wlk,ups
3,2,std,sit
3,2,std,sit
4,5,ups,wlk
4,5,ups,wlk
3,2,std,sit
0,5,dws,wlk
4,5,ups,wlk
3,2,std,sit
3,2,std,sit
5,1,wlk,jog
0,4,dws,ups
3,2,std,sit
1,5,jog,wlk
4,3,ups,std
3,2,std,sit
0,5,dws,wlk
3,2,std,sit
3,2,std,sit
3,2,std,sit
1,5,jog,wlk
3,2,std,sit
3,2,std,sit
3,2,std,sit
3,2,std,sit
3,2,std,sit
3,2,std,sit
3,2,std,sit
4,0,ups,dws
3,2,std,sit
3,2,std,sit
3,2,std,sit
4,0,ups,dws
3,2,std,sit
3,2,std,sit
4,0,ups,dws
3,2,std,sit
3,2,std,sit
3,2,std,sit
3,2,std,sit
4,5,ups,wlk
5,4,wlk,ups
5,4,wlk,ups
3,2,std,sit
0,4,dws,ups
0,5,dws,wlk
3,2,std,sit
2,3,sit,std
3,2,std,sit
0,5,dws,wlk
3,2,std,sit
3,2,std,sit
3,2,std,sit
3,2,std,sit
4,5,ups,wlk
0,4,dws,ups
3,2,std,sit
3,2,std,sit
3,2,std,sit
3,2,std,sit
3,2,std,sit
4,1,ups,jog
4,5,ups,wlk
0,4,dws,ups
4,5,ups,wlk
1,5,jog,wlk
3,2,std,sit
3,2,std,sit
3,2,std,sit
3,2,std,sit
0,5,dws,wlk
0,5,dws,wlk
0,5,dws,wlk
3,2,std,sit
3,2,std,sit
0,4,dws,ups
4,5,ups,wlk
0,4,dws,ups
3,2,std,sit
5,4,wlk,ups
0,5,dws,wlk
3,2,std,sit
3,2,std,sit
3,2,std,sit
3,2,std,sit
0,5,dws,wlk
0,4,dws,ups
4,5,ups,wlk
3,2,std,sit
3,2,std,sit
5,1,wlk,jog
3,2,std,sit
3,2,std,sit
0,5,dws,wlk
3,2,std,sit
3,2,std,sit
3,2,std,sit
5,4,wlk,ups
4,5,ups,wlk
3,2,std,sit
3,2,std,sit
0,5,dws,wlk
0,5,dws,wlk
4,3,ups,std
3,4,std,ups
0,1,dws,jog
0,5,dws,wlk
3,2,std,sit
0,4,dws,ups
0,5,dws,wlk
0,4,dws,ups
3,2,std,sit
3,2,std,sit
0,5,dws,wlk
4,5,ups,wlk
3,2,std,sit
0,4,dws,ups
5,4,wlk,ups
3,2,std,sit
3,2,std,sit
1,4,jog,ups
3,2,std,sit
3,2,std,sit
3,2,std,sit
0,5,dws,wlk
4,5,ups,wlk
5,4,wlk,ups
3,2,std,sit
3,2,std,sit
3,4,std,ups
3,2,std,sit
5,1,wlk,jog
0,5,dws,wlk
3,2,std,sit
3,2,std,sit
3,2,std,sit
3,2,std,sit
3,2,std,sit
3,2,std,sit
3,2,std,sit
3,2,std,sit
4,0,ups,dws
3,2,std,sit
3,2,std,sit
3,2,std,sit
3,2,std,sit
3,2,std,sit
3,2,std,sit
5,4,wlk,ups
3,2,std,sit
5,4,wlk,ups
3,2,std,sit
3,2,std,sit
3,2,std,sit
1,5,jog,wlk
3,2,std,sit
5,4,wlk,ups
3,2,std,sit
3,2,std,sit
3,2,std,sit
3,2,std,sit
4,5,ups,wlk
3,2,std,sit
0,4,dws,ups
3,2,std,sit
3,2,std,sit
3,2,std,sit
0,5,dws,wlk
3,2,std,sit
3,2,std,sit
3,2,std,sit
5,4,wlk,ups
3,2,std,sit
3,2,std,sit
0,4,dws,ups
3,2,std,sit
0,5,dws,wlk
0,5,dws,wlk
4,5,ups,wlk
2,4,sit,ups
0,5,dws,wlk
2,4,sit,ups
1,5,jog,wlk
0,4,dws,ups
3,2,std,sit
4,0,ups,dws
3,2,std,sit
0,4,dws,ups
3,2,std,sit
3,2,std,sit
4,5,ups,wlk
3,2,std,sit
0,5,dws,wlk
3,2,std,sit
0,5,dws,wlk
3,2,std,sit
3,2,std,sit
3,2,std,sit
4,0,ups,dws
4,0,ups,dws
0,5,dws,wlk
5,4,wlk,ups
0,4,dws,ups
3,4,std,ups
0,4,dws,ups
4,0,ups,dws
3,2,std,sit
3,2,std,sit
0,5,dws,wlk
5,4,wlk,ups
3,2,std,sit
3,2,std,sit
0,5,dws,wlk
3,2,std,sit
3,2,std,sit
4,5,ups,wlk
4,5,ups,wlk
5,4,wlk,ups
3,2,std,sit
3,2,std,sit
0,5,dws,wlk
0,5,dws,wlk
3,2,std,sit
0,5,dws,wlk
3,2,std,sit
4,5,ups,wlk
3,2,std,sit
3,2,std,sit
0,5,dws,wlk
0,5,dws,wlk
3,2,std,sit
0,5,dws,wlk
3,2,std,sit
3,2,std,sit
3,2,std,sit
3,2,std,sit
4,5,ups,wlk
2,3,sit,std
0,5,dws,wlk
0,4,dws,ups
3,2,std,sit
3,2,std,sit
3,2,std,sit
4,5,ups,wlk
0,1,dws,jog
4,0,ups,dws
3,2,std,sit
0,5,dws,wlk
3,2,std,sit
3,2,std,sit
3,2,std,sit
0,4,dws,ups
3,2,std,sit
0,4,dws,ups
3,2,std,sit
3,2,std,sit
3,2,std,sit
4,5,ups,wlk
3,2,std,sit
0,4,dws,ups
3,2,std,sit
3,2,std,sit
3,2,std,sit
0,5,dws,wlk
3,2,std,sit
3,2,std,sit
3,2,std,sit
3,2,std,sit
3,2,std,sit
0,5,dws,wlk
3,2,std,sit
0,5,dws,wlk
3,2,std,sit
3,2,std,sit
0,5,dws,wlk
4,5,ups,wlk
3,2,std,sit
0,4,dws,ups
1,5,jog,wlk
3,2,std,sit
3,2,std,sit
3,2,std,sit
3,2,std,sit
3,2,std,sit
5,4,wlk,ups
3,2,std,sit
3,2,std,sit
3,2,std,sit
0,5,dws,wlk
3,2,std,sit
0,4,dws,ups
3,2,std,sit
3,2,std,sit
0,5,dws,wlk
3,2,std,sit
3,2,std,sit
3,2,std,sit
0,4,dws,ups
3,2,std,sit
0,4,dws,ups
0,4,dws,ups
0,4,dws,ups
5,4,wlk,ups
3,2,std,sit
3,2,std,sit
3,2,std,sit
3,2,std,sit
5,4,wlk,ups
3,2,std,sit
5,4,wlk,ups
4,0,ups,dws
3,2,std,sit
3,2,std,sit
3,2,std,sit
3,2,std,sit
4,5,ups,wlk
3,2,std,sit
3,2,std,sit
0,4,dws,ups
3,2,std,sit
3,4,std,ups
3,2,std,sit
4,5,ups,wlk
1,5,jog,wlk
4,5,ups,wlk
0,5,dws,wlk
4,0,ups,dws
3,2,std,sit
3,2,std,sit
3,2,std,sit
3,2,std,sit
3,2,std,sit
3,2,std,sit
4,3,ups,std
0,4,dws,ups
0,5,dws,wlk
3,2,std,sit
3,2,std,sit
0,5,dws,wlk
3,2,std,sit
3,2,std,sit
3,2,std,sit
0,5,dws,wlk
3,2,std,sit
3,2,std,sit
3,2,std,sit
3,2,std,sit
3,2,std,sit
3,2,std,sit
3,2,std,sit
3,2,std,sit
4,0,ups,dws
3,2,std,sit
3,2,std,sit
5,4,wlk,ups
3,2,std,sit
3,2,std,sit
0,5,dws,wlk
3,2,std,sit
3,2,std,sit
0,4,dws,ups
3,2,std,sit
0,4,dws,ups
3,2,std,sit
3,2,std,sit
0,4,dws,ups
3,2,std,sit
4,5,ups,wlk
3,2,std,sit
3,2,std,sit
4,5,ups,wlk
3,2,std,sit
3,2,std,sit
5,4,wlk,ups
3,2,std,sit
3,2,std,sit
0,4,dws,ups
4,0,ups,dws
3,2,std,sit
3,2,std,sit
3,2,std,sit
0,4,dws,ups
3,2,std,sit
0,5,dws,wlk
0,5,dws,wlk
3,2,std,sit
0,5,dws,wlk
0,4,dws,ups
3,4,std,ups
3,2,std,sit
3,2,std,sit
3,4,std,ups
3,2,std,sit
3,2,std,sit
5,4,wlk,ups
3,2,std,sit
0,4,dws,ups
3,2,std,sit
3,2,std,sit
3,2,std,sit
0,4,dws,ups
3,2,std,sit
0,5,dws,wlk
3,2,std,sit
4,5,ups,wlk
3,2,std,sit
3,2,std,sit
4,5,ups,wlk
3,2,std,sit
4,5,ups,wlk
3,2,std,sit
3,2,std,sit
0,4,dws,ups
4,5,ups,wlk
3,2,std,sit
3,2,std,sit
3,2,std,sit
4,0,ups,dws
3,2,std,sit
3,2,std,sit
0,4,dws,ups
3,2,std,sit
3,2,std,sit
3,2,std,sit
3,2,std,sit
0,4,dws,ups
5,4,wlk,ups
3,2,std,sit
3,2,std,sit
3,2,std,sit
3,2,std,sit
3,2,std,sit
5,4,wlk,ups
3,4,std,ups
3,2,std,sit
1,5,jog,wlk
3,2,std,sit
3,2,std,sit
3,2,std,sit
3,2,std,sit
4,5,ups,wlk
3,2,std,sit
0,5,dws,wlk
3,2,std,sit
3,2,std,sit
3,2,std,sit
3,2,std,sit
3,2,std,sit
0,1,dws,jog
3,2,std,sit
3,2,std,sit
0,4,dws,ups
0,5,dws,wlk
0,5,dws,wlk
3,2,std,sit
3,2,std,sit
3,2,std,sit
3,2,std,sit
4,5,ups,wlk
0,4,dws,ups
0,5,dws,wlk
3,2,std,sit
3,2,std,sit
3,2,std,sit
0,5,dws,wlk
0,4,dws,ups
3,2,std,sit
3,2,std,sit
3,2,std,sit
3,2,std,sit
3,2,std,sit
3,2,std,sit
3,2,std,sit
3,2,std,sit
3,2,std,sit
3,2,std,sit
3,2,std,sit
3,2,std,sit
3,2,std,sit
3,2,std,sit
0,5,dws,wlk
3,2,std,sit
3,2,std,sit
3,2,std,sit
3,2,std,sit
3,2,std,sit
4,5,ups,wlk
0,5,dws,wlk
3,2,std,sit
3,2,std,sit
4,5,ups,wlk
3,2,std,sit
0,5,dws,wlk
3,2,std,sit
3,2,std,sit
3,2,std,sit
3,2,std,sit
3,2,std,sit
3,2,std,sit
0,5,dws,wlk
3,2,std,sit
3,2,std,sit
3,2,std,sit
3,2,std,sit
3,2,std,sit
3,2,std,sit
5,4,wlk,ups
3,2,std,sit
4,0,ups,dws
3,2,std,sit
3,2,std,sit
5,2,wlk,sit
3,2,std,sit
4,5,ups,wlk
3,2,std,sit
4,5,ups,wlk
0,5,dws,wlk
3,2,std,sit
3,2,std,sit
3,2,std,sit
3,2,std,sit
4,2,ups,sit
3,2,std,sit
3,2,std,sit
3,2,std,sit
3,2,std,sit
3,2,std,sit
3,2,std,sit
3,2,std,sit
0,5,dws,wlk
4,0,ups,dws
3,2,std,sit
0,4,dws,ups
0,2,dws,sit
3,2,std,sit
3,2,std,sit
4,5,ups,wlk
3,2,std,sit
3,2,std,sit
3,2,std,sit
3,2,std,sit
2,4,sit,ups
3,2,std,sit
3,2,std,sit
3,2,std,sit
3,2,std,sit
4,5,ups,wlk
0,5,dws,wlk
3,2,std,sit
4,5,ups,wlk
4,5,ups,wlk
3,2,std,sit
3,2,std,sit
3,2,std,sit
3,2,std,sit
3,2,std,sit
3,2,std,sit
3,2,std,sit
3,2,std,sit
4,5,ups,wlk
5,4,wlk,ups
3,2,std,sit
3,2,std,sit
0,5,dws,wlk
3,2,std,sit
4,5,ups,wlk
3,2,std,sit
3,2,std,sit
1,5,jog,wlk
3,2,std,sit
3,2,std,sit
3,2,std,sit
5,0,wlk,dws
3,2,std,sit
4,5,ups,wlk
3,2,std,sit
3,2,std,sit
3,2,std,sit
3,2,std,sit
3,2,std,sit
3,2,std,sit
3,2,std,sit
3,2,std,sit
3,2,std,sit
4,5,ups,wlk
3,2,std,sit
3,2,std,sit
3,2,std,sit
3,2,std,sit
3,2,std,sit
3,2,std,sit
5,0,wlk,dws
3,2,std,sit
3,2,std,sit
3,2,std,sit
0,5,dws,wlk
3,2,std,sit
3,2,std,sit
0,4,dws,ups
4,0,ups,dws
3,2,std,sit
3,2,std,sit
4,5,ups,wlk
3,2,std,sit
3,2,std,sit
1,5,jog,wlk
3,2,std,sit
0,5,dws,wlk
4,0,ups,dws
5,4,wlk,ups
3,2,std,sit
0,5,dws,wlk
3,2,std,sit
0,4,dws,ups
3,2,std,sit
3,2,std,sit
3,2,std,sit
4,5,ups,wlk
5,3,wlk,std
3,2,std,sit
0,4,dws,ups
3,2,std,sit
3,2,std,sit
3,2,std,sit
3,2,std,sit
3,2,std,sit
3,2,std,sit
4,5,ups,wlk
3,2,std,sit
3,2,std,sit
5,1,wlk,jog
3,2,std,sit
0,4,dws,ups
3,2,std,sit
0,4,dws,ups
3,2,std,sit
3,2,std,sit
4,0,ups,dws
3,2,std,sit
3,2,std,sit
3,2,std,sit
4,5,ups,wlk
3,2,std,sit
0,5,dws,wlk
3,2,std,sit
0,5,dws,wlk
4,5,ups,wlk
3,2,std,sit
3,2,std,sit
3,2,std,sit
3,2,std,sit
3,2,std,sit
3,2,std,sit
4,5,ups,wlk
1,0,jog,dws
3,2,std,sit
4,0,ups,dws
3,2,std,sit
0,4,dws,ups
3,2,std,sit
4,0,ups,dws
3,2,std,sit
3,2,std,sit
0,5,dws,wlk
3,2,std,sit
0,5,dws,wlk
3,2,std,sit
3,2,std,sit
4,5,ups,wlk
4,5,ups,wlk
0,5,dws,wlk
4,5,ups,wlk
1,0,jog,dws
0,4,dws,ups
5,0,wlk,dws
3,2,std,sit
3,2,std,sit
0,5,dws,wlk
3,2,std,sit
3,2,std,sit
3,2,std,sit
3,2,std,sit
0,4,dws,ups
4,5,ups,wlk
3,2,std,sit
0,5,dws,wlk
4,5,ups,wlk
3,2,std,sit
0,5,dws,wlk
3,2,std,sit
0,4,dws,ups
0,5,dws,wlk
0,5,dws,wlk
4,0,ups,dws
0,5,dws,wlk
0,4,dws,ups
4,5,ups,wlk
1,4,jog,ups
4,5,ups,wlk
3,2,std,sit
2,3,sit,std
0,5,dws,wlk
1,5,jog,wlk
3,2,std,sit
5,4,wlk,ups
4,5,ups,wlk
3,2,std,sit
0,5,dws,wlk
3,2,std,sit
0,4,dws,ups
3,2,std,sit
3,2,std,sit
3,2,std,sit
3,2,std,sit
3,2,std,sit
4,5,ups,wlk
3,2,std,sit
3,2,std,sit
3,2,std,sit
0,4,dws,ups
3,2,std,sit
0,5,dws,wlk
3,2,std,sit
3,2,std,sit
3,2,std,sit
3,2,std,sit
3,2,std,sit
0,4,dws,ups
3,2,std,sit
3,2,std,sit
3,2,std,sit
0,5,dws,wlk
3,2,std,sit
3,2,std,sit
3,2,std,sit
3,2,std,sit
0,5,dws,wlk
3,2,std,sit
3,2,std,sit
5,4,wlk,ups
3,2,std,sit
3,2,std,sit
4,0,ups,dws
0,4,dws,ups
3,2,std,sit
4,5,ups,wlk
4,5,ups,wlk
3,2,std,sit
3,2,std,sit
3,2,std,sit
3,2,std,sit
3,2,std,sit
3,2,std,sit
3,2,std,sit
3,2,std,sit
0,5,dws,wlk
3,2,std,sit
3,2,std,sit
3,2,std,sit
3,2,std,sit
3,2,std,sit
3,2,std,sit
3,2,std,sit
3,2,std,sit
4,5,ups,wlk
4,5,ups,wlk
3,2,std,sit
0,4,dws,ups
4,0,ups,dws
3,2,std,sit
3,2,std,sit
3,2,std,sit
0,4,dws,ups
3,2,std,sit
3,2,std,sit
3,2,std,sit
3,2,std,sit
3,2,std,sit
3,2,std,sit
0,5,dws,wlk
3,2,std,sit
5,4,wlk,ups
3,2,std,sit
3,2,std,sit
5,4,wlk,ups
3,2,std,sit
3,2,std,sit
3,2,std,sit
4,5,ups,wlk
3,2,std,sit
0,5,dws,wlk
4,0,ups,dws
3,2,std,sit
4,5,ups,wlk
3,2,std,sit
3,2,std,sit
4,0,ups,dws
3,2,std,sit
3,2,std,sit
3,2,std,sit
3,2,std,sit
4,5,ups,wlk
3,2,std,sit
4,5,ups,wlk
3,2,std,sit
3,2,std,sit
3,2,std,sit
3,2,std,sit
3,2,std,sit
3,2,std,sit
3,2,std,sit
4,5,ups,wlk
3,2,std,sit
3,2,std,sit
5,4,wlk,ups
0,5,dws,wlk
0,4,dws,ups
3,2,std,sit
3,2,std,sit
0,4,dws,ups
3,2,std,sit
1,5,jog,wlk
3,2,std,sit
4,5,ups,wlk
3,2,std,sit
4,5,ups,wlk
4,5,ups,wlk
3,2,std,sit
4,5,ups,wlk
3,2,std,sit
3,2,std,sit
3,2,std,sit
3,2,std,sit
0,4,dws,ups
3,2,std,sit
4,5,ups,wlk
3,2,std,sit
3,2,std,sit
3,2,std,sit
3,2,std,sit
0,5,dws,wlk
5,4,wlk,ups
3,2,std,sit
3,2,std,sit
5,4,wlk,ups
3,2,std,sit
3,2,std,sit
4,5,ups,wlk
5,1,wlk,jog
4,5,ups,wlk
0,5,dws,wlk
3,2,std,sit
3,2,std,sit
3,2,std,sit
3,2,std,sit
3,2,std,sit
0,5,dws,wlk
0,5,dws,wlk
3,2,std,sit
0,5,dws,wlk
3,2,std,sit
4,5,ups,wlk
3,2,std,sit
3,2,std,sit
3,2,std,sit
3,2,std,sit
3,2,std,sit
3,2,std,sit
3,2,std,sit
3,2,std,sit
3,2,std,sit
4,5,ups,wlk
3,2,std,sit
3,2,std,sit
3,2,std,sit
3,2,std,sit
0,5,dws,wlk
5,4,wlk,ups
5,2,wlk,sit
3,2,std,sit
3,2,std,sit
0,4,dws,ups
4,5,ups,wlk
3,2,std,sit
3,2,std,sit
3,2,std,sit
0,4,dws,ups
3,2,std,sit
3,2,std,sit
3,2,std,sit
4,5,ups,wlk
3,2,std,sit
3,4,std,ups
3,2,std,sit
0,5,dws,wlk
3,2,std,sit
3,2,std,sit
3,2,std,sit
4,0,ups,dws
1,5,jog,wlk
3,2,std,sit
3,2,std,sit
4,5,ups,wlk
4,3,ups,std
4,5,ups,wlk
3,2,std,sit
3,2,std,sit
4,5,ups,wlk
4,5,ups,wlk
3,2,std,sit
0,4,dws,ups
3,2,std,sit
3,2,std,sit
3,2,std,sit
3,2,std,sit
0,5,dws,wlk
3,2,std,sit
1,4,jog,ups
4,5,ups,wlk
1,5,jog,wlk
0,4,dws,ups
3,2,std,sit
4,5,ups,wlk
5,4,wlk,ups
3,2,std,sit
3,2,std,sit
0,5,dws,wlk
0,5,dws,wlk
4,5,ups,wlk
3,2,std,sit
3,2,std,sit
3,2,std,sit
5,4,wlk,ups
0,5,dws,wlk
3,2,std,sit
3,2,std,sit
3,2,std,sit
3,2,std,sit
0,5,dws,wlk
3,2,std,sit
5,4,wlk,ups
4,0,ups,dws
3,2,std,sit
3,2,std,sit
0,5,dws,wlk
0,5,dws,wlk
3,2,std,sit
0,5,dws,wlk
4,5,ups,wlk
0,5,dws,wlk
0,5,dws,wlk
4,0,ups,dws
3,2,std,sit
3,2,std,sit
3,2,std,sit
3,2,std,sit
0,5,dws,wlk
4,0,ups,dws
0,4,dws,ups
5,3,wlk,std
0,5,dws,wlk
3,2,std,sit
3,2,std,sit
3,2,std,sit
4,0,ups,dws
3,2,std,sit
1,5,jog,wlk
1,4,jog,ups
4,5,ups,wlk
3,2,std,sit
1,4,jog,ups
2,4,sit,ups
3,2,std,sit
3,2,std,sit
3,2,std,sit
3,2,std,sit
3,2,std,sit
3,2,std,sit
3,2,std,sit
4,5,ups,wlk
3,2,std,sit
3,2,std,sit
3,2,std,sit
0,4,dws,ups
4,5,ups,wlk
3,2,std,sit
3,2,std,sit
3,2,std,sit
3,2,std,sit
3,2,std,sit
3,2,std,sit
4,5,ups,wlk
2,3,sit,std
3,2,std,sit
4,5,ups,wlk
3,2,std,sit
3,2,std,sit
0,4,dws,ups
3,2,std,sit
3,2,std,sit
0,5,dws,wlk
4,5,ups,wlk
3,2,std,sit
0,5,dws,wlk
0,5,dws,wlk
3,2,std,sit
3,2,std,sit
3,2,std,sit
0,5,dws,wlk
4,0,ups,dws
3,2,std,sit
3,2,std,sit
3,2,std,sit
3,2,std,sit
0,5,dws,wlk
0,5,dws,wlk
4,0,ups,dws
3,2,std,sit
0,4,dws,ups
3,2,std,sit
4,5,ups,wlk
3,2,std,sit
3,2,std,sit
3,2,std,sit
0,4,dws,ups
4,5,ups,wlk
0,4,dws,ups
3,2,std,sit
3,2,std,sit
4,5,ups,wlk
3,2,std,sit
3,2,std,sit
5,0,wlk,dws
0,4,dws,ups
3,2,std,sit
3,2,std,sit
3,2,std,sit
3,2,std,sit
4,5,ups,wlk
4,5,ups,wlk
3,2,std,sit
3,2,std,sit
0,5,dws,wlk
3,2,std,sit
0,4,dws,ups
3,2,std,sit
0,5,dws,wlk
3,2,std,sit
5,4,wlk,ups
3,2,std,sit
3,2,std,sit
3,2,std,sit
3,2,std,sit
5,4,wlk,ups
3,2,std,sit
4,5,ups,wlk
3,2,std,sit
3,2,std,sit
3,2,std,sit
4,5,ups,wlk
3,4,std,ups
3,2,std,sit
0,5,dws,wlk
3,2,std,sit
4,5,ups,wlk
3,2,std,sit
5,0,wlk,dws
0,4,dws,ups
3,2,std,sit
3,2,std,sit
3,2,std,sit
3,2,std,sit
3,2,std,sit
3,2,std,sit
3,2,std,sit
3,2,std,sit
1,5,jog,wlk
3,2,std,sit
3,2,std,sit
0,4,dws,ups
0,5,dws,wlk
3,2,std,sit
0,5,dws,wlk
0,5,dws,wlk
4,5,ups,wlk
3,2,std,sit
3,2,std,sit
1,0,jog,dws
3,2,std,sit
0,5,dws,wlk
3,2,std,sit
0,4,dws,ups
2,4,sit,ups
3,2,std,sit
4,5,ups,wlk
3,2,std,sit
0,4,dws,ups
3,2,std,sit
3,2,std,sit
3,2,std,sit
3,2,std,sit
4,5,ups,wlk
3,2,std,sit
3,2,std,sit
5,4,wlk,ups
3,2,std,sit
4,5,ups,wlk
4,5,ups,wlk
5,4,wlk,ups
3,2,std,sit
3,2,std,sit
5,0,wlk,dws
4,5,ups,wlk
0,4,dws,ups
3,2,std,sit
0,5,dws,wlk
5,0,wlk,dws
0,4,dws,ups
3,2,std,sit
3,2,std,sit
1,5,jog,wlk
3,2,std,sit
1,5,jog,wlk
0,5,dws,wlk
4,5,ups,wlk
3,2,std,sit
3,2,std,sit
3,2,std,sit
3,2,std,sit
3,2,std,sit
3,2,std,sit
4,5,ups,wlk
3,2,std,sit
0,5,dws,wlk
3,2,std,sit
4,0,ups,dws
3,2,std,sit
0,4,dws,ups
3,2,std,sit
5,4,wlk,ups
3,2,std,sit
3,2,std,sit
0,5,dws,wlk
5,4,wlk,ups
3,2,std,sit
3,2,std,sit
3,2,std,sit
3,2,std,sit
0,5,dws,wlk
0,5,dws,wlk
3,2,std,sit
0,5,dws,wlk
3,2,std,sit
3,2,std,sit
3,2,std,sit
3,2,std,sit
3,2,std,sit
3,2,std,sit
3,2,std,sit
3,2,std,sit
3,2,std,sit
0,4,dws,ups
5,4,wlk,ups
3,2,std,sit
0,5,dws,wlk
4,5,ups,wlk
4,5,ups,wlk
3,2,std,sit
3,2,std,sit
0,4,dws,ups
0,4,dws,ups
1,4,jog,ups
3,2,std,sit
3,2,std,sit
0,4,dws,ups
2,3,sit,std
5,0,wlk,dws
4,0,ups,dws
5,4,wlk,ups
5,4,wlk,ups
3,2,std,sit
3,2,std,sit
3,2,std,sit
4,5,ups,wlk
0,4,dws,ups
4,5,ups,wlk
0,4,dws,ups
3,2,std,sit
3,2,std,sit
4,5,ups,wlk
0,4,dws,ups
0,5,dws,wlk
4,0,ups,dws
3,4,std,ups
0,4,dws,ups
4,5,ups,wlk
3,2,std,sit
0,4,dws,ups
3,2,std,sit
3,2,std,sit
0,5,dws,wlk
2,3,sit,std
4,5,ups,wlk
3,2,std,sit
3,2,std,sit
3,2,std,sit
3,2,std,sit
3,2,std,sit
3,2,std,sit
3,2,std,sit
3,2,std,sit
0,5,dws,wlk
3,2,std,sit
5,4,wlk,ups
3,2,std,sit
1,5,jog,wlk
0,4,dws,ups
3,2,std,sit
3,2,std,sit
3,2,std,sit
3,2,std,sit
3,2,std,sit
3,2,std,sit
3,2,std,sit
3,2,std,sit
0,4,dws,ups
3,2,std,sit
0,5,dws,wlk
3,2,std,sit
3,2,std,sit
3,2,std,sit
5,0,wlk,dws
3,2,std,sit
3,2,std,sit
0,5,dws,wlk
3,4,std,ups
3,2,std,sit
0,4,dws,ups
0,4,dws,ups
3,2,std,sit
3,2,std,sit
3,2,std,sit
0,4,dws,ups
0,5,dws,wlk
5,0,wlk,dws
3,2,std,sit
5,0,wlk,dws
4,0,ups,dws
3,2,std,sit
3,2,std,sit
4,5,ups,wlk
4,5,ups,wlk
5,4,wlk,ups
3,2,std,sit
3,2,std,sit
3,2,std,sit
3,2,std,sit
3,2,std,sit
3,2,std,sit
3,2,std,sit
3,2,std,sit
3,2,std,sit
3,2,std,sit
1,5,jog,wlk
3,2,std,sit
0,5,dws,wlk
4,0,ups,dws
3,2,std,sit
3,2,std,sit
3,2,std,sit
0,4,dws,ups
4,0,ups,dws
3,2,std,sit
3,2,std,sit
0,5,dws,wlk
3,2,std,sit
3,2,std,sit
0,5,dws,wlk
3,2,std,sit
0,4,dws,ups
3,2,std,sit
0,4,dws,ups
5,4,wlk,ups
1,5,jog,wlk
3,2,std,sit
4,0,ups,dws
0,4,dws,ups
3,2,std,sit
3,2,std,sit
3,2,std,sit
3,2,std,sit
0,4,dws,ups
3,2,std,sit
3,2,std,sit
5,4,wlk,ups
3,2,std,sit
3,2,std,sit
0,5,dws,wlk
0,5,dws,wlk
0,5,dws,wlk
3,2,std,sit
3,2,std,sit
3,2,std,sit
3,2,std,sit
5,4,wlk,ups
0,5,dws,wlk
3,2,std,sit
4,5,ups,wlk
3,2,std,sit
4,0,ups,dws
0,5,dws,wlk
0,4,dws,ups
3,2,std,sit
3,2,std,sit
3,2,std,sit
3,2,std,sit
0,4,dws,ups
0,4,dws,ups
3,2,std,sit
0,5,dws,wlk
0,5,dws,wlk
1,5,jog,wlk
3,2,std,sit
3,2,std,sit
3,2,std,sit
5,4,wlk,ups
4,0,ups,dws
3,2,std,sit
3,2,std,sit
3,2,std,sit
0,5,dws,wlk
3,2,std,sit
3,2,std,sit
5,4,wlk,ups
0,4,dws,ups
4,1,ups,jog
2,3,sit,std
3,2,std,sit
3,2,std,sit
4,5,ups,wlk
3,4,std,ups
1,0,jog,dws
3,2,std,sit
0,5,dws,wlk
3,2,std,sit
3,2,std,sit
3,2,std,sit
3,2,std,sit
3,2,std,sit
3,2,std,sit
1,4,jog,ups
3,2,std,sit
3,2,std,sit
4,5,ups,wlk
3,2,std,sit
3,2,std,sit
4,0,ups,dws
3,2,std,sit
0,4,dws,ups
3,2,std,sit
3,2,std,sit
3,2,std,sit
3,2,std,sit
0,5,dws,wlk
4,5,ups,wlk
5,4,wlk,ups
4,5,ups,wlk
3,2,std,sit
3,2,std,sit
3,2,std,sit
0,4,dws,ups
0,4,dws,ups
4,0,ups,dws
4,0,ups,dws
3,2,std,sit
3,2,std,sit
3,2,std,sit
0,5,dws,wlk
3,2,std,sit
3,2,std,sit
0,5,dws,wlk
0,4,dws,ups
3,2,std,sit
3,2,std,sit
3,2,std,sit
5,0,wlk,dws
0,4,dws,ups
3,2,std,sit
3,2,std,sit
3,2,std,sit
0,5,dws,wlk
3,2,std,sit
3,2,std,sit
3,2,std,sit
3,2,std,sit
3,2,std,sit
3,2,std,sit
5,4,wlk,ups
0,5,dws,wlk
3,2,std,sit
3,2,std,sit
4,0,ups,dws
3,2,std,sit
4,5,ups,wlk
0,4,dws,ups
3,2,std,sit
3,2,std,sit
3,2,std,sit
3,2,std,sit
3,2,std,sit
0,5,dws,wlk
1,5,jog,wlk
3,2,std,sit
3,2,std,sit
0,5,dws,wlk
0,5,dws,wlk
0,4,dws,ups
3,2,std,sit
3,2,std,sit
3,2,std,sit
4,5,ups,wlk
3,2,std,sit
0,5,dws,wlk
0,4,dws,ups
0,4,dws,ups
4,0,ups,dws
3,2,std,sit
3,2,std,sit
0,4,dws,ups
3,2,std,sit
4,0,ups,dws
0,4,dws,ups
3,2,std,sit
4,0,ups,dws
0,4,dws,ups
0,5,dws,wlk
0,5,dws,wlk
3,2,std,sit
4,0,ups,dws
5,2,wlk,sit
3,2,std,sit
3,2,std,sit
5,4,wlk,ups
3,2,std,sit
0,4,dws,ups
0,4,dws,ups
3,2,std,sit
0,5,dws,wlk
3,2,std,sit
3,2,std,sit
4,5,ups,wlk
5,4,wlk,ups
3,2,std,sit
3,2,std,sit
3,2,std,sit
4,0,ups,dws
3,2,std,sit
3,2,std,sit
4,1,ups,jog
4,5,ups,wlk
3,2,std,sit
3,2,std,sit
0,5,dws,wlk
3,2,std,sit
3,2,std,sit
3,2,std,sit
3,2,std,sit
0,5,dws,wlk
3,2,std,sit
5,4,wlk,ups
4,0,ups,dws
0,5,dws,wlk
4,0,ups,dws
3,2,std,sit
0,4,dws,ups
0,4,dws,ups
3,2,std,sit
5,0,wlk,dws
4,5,ups,wlk
0,4,dws,ups
1,4,jog,ups
5,4,wlk,ups
3,2,std,sit
0,4,dws,ups
0,4,dws,ups
0,4,dws,ups
3,2,std,sit
0,5,dws,wlk
0,5,dws,wlk
0,5,dws,wlk
5,0,wlk,dws
0,5,dws,wlk
4,0,ups,dws
5,4,wlk,ups
0,5,dws,wlk
4,0,ups,dws
3,2,std,sit
5,4,wlk,ups
4,5,ups,wlk
3,2,std,sit
0,5,dws,wlk
0,5,dws,wlk
5,4,wlk,ups
3,2,std,sit
3,2,std,sit
2,3,sit,std
4,3,ups,std
4,5,ups,wlk
3,2,std,sit
3,2,std,sit
4,5,ups,wlk
0,4,dws,ups
3,2,std,sit
0,4,dws,ups
3,2,std,sit
3,2,std,sit
5,4,wlk,ups
3,2,std,sit
3,2,std,sit
3,2,std,sit
5,3,wlk,std
0,4,dws,ups
0,4,dws,ups
5,4,wlk,ups
5,0,wlk,dws
0,4,dws,ups
0,4,dws,ups
3,2,std,sit
0,5,dws,wlk
0,5,dws,wlk
3,2,std,sit
3,2,std,sit
0,4,dws,ups
4,0,ups,dws
3,2,std,sit
5,4,wlk,ups
4,0,ups,dws
3,2,std,sit
0,4,dws,ups
3,2,std,sit
3,2,std,sit
0,4,dws,ups
3,2,std,sit
3,2,std,sit
3,2,std,sit
3,2,std,sit
5,4,wlk,ups
5,4,wlk,ups
0,5,dws,wlk
3,2,std,sit
3,2,std,sit
0,4,dws,ups
3,2,std,sit
0,3,dws,std
4,0,ups,dws
3,2,std,sit
3,2,std,sit
0,5,dws,wlk
3,2,std,sit
0,5,dws,wlk
4,5,ups,wlk
5,4,wlk,ups
4,0,ups,dws
5,4,wlk,ups
5,0,wlk,dws
3,2,std,sit
4,5,ups,wlk
3,2,std,sit
0,4,dws,ups
0,4,dws,ups
3,2,std,sit
5,4,wlk,ups
3,2,std,sit
3,2,std,sit
0,4,dws,ups
3,2,std,sit
3,2,std,sit
3,2,std,sit
3,2,std,sit
3,2,std,sit
4,5,ups,wlk
3,2,std,sit
3,2,std,sit
0,5,dws,wlk
0,5,dws,wlk
3,2,std,sit
3,2,std,sit
3,2,std,sit
3,2,std,sit
3,2,std,sit
3,2,std,sit
3,2,std,sit
0,5,dws,wlk
4,5,ups,wlk
3,2,std,sit
0,5,dws,wlk
5,4,wlk,ups
3,2,std,sit
0,5,dws,wlk
3,2,std,sit
0,5,dws,wlk
0,5,dws,wlk
3,2,std,sit
3,2,std,sit
4,5,ups,wlk
4,0,ups,dws
3,2,std,sit
0,4,dws,ups
4,5,ups,wlk
3,2,std,sit
4,5,ups,wlk
3,2,std,sit
2,3,sit,std
3,2,std,sit
4,5,ups,wlk
3,2,std,sit
4,5,ups,wlk
5,4,wlk,ups
0,4,dws,ups
3,2,std,sit
5,4,wlk,ups
3,2,std,sit
4,5,ups,wlk
4,5,ups,wlk
3,2,std,sit
4,5,ups,wlk
1,0,jog,dws
0,5,dws,wlk
3,2,std,sit
3,2,std,sit
3,2,std,sit
3,2,std,sit
5,1,wlk,jog
3,2,std,sit
3,2,std,sit
3,2,std,sit
1,4,jog,ups
3,2,std,sit
5,4,wlk,ups
4,5,ups,wlk
0,4,dws,ups
3,2,std,sit
0,4,dws,ups
3,2,std,sit
3,2,std,sit
3,2,std,sit
0,4,dws,ups
3,2,std,sit
3,2,std,sit
4,5,ups,wlk
3,2,std,sit
0,5,dws,wlk
3,2,std,sit
3,2,std,sit
0,5,dws,wlk
3,2,std,sit
3,2,std,sit
3,2,std,sit
3,2,std,sit
3,2,std,sit
3,2,std,sit
0,4,dws,ups
4,5,ups,wlk
3,2,std,sit
3,2,std,sit
3,2,std,sit
4,0,ups,dws
3,2,std,sit
3,2,std,sit
3,2,std,sit
5,4,wlk,ups
4,5,ups,wlk
0,4,dws,ups
3,2,std,sit
3,2,std,sit
0,5,dws,wlk
3,2,std,sit
3,2,std,sit
3,2,std,sit
0,5,dws,wlk
3,2,std,sit
3,2,std,sit
0,4,dws,ups
0,5,dws,wlk
5,4,wlk,ups
3,2,std,sit
4,5,ups,wlk
0,4,dws,ups
3,2,std,sit
3,2,std,sit
3,2,std,sit
3,2,std,sit
0,4,dws,ups
3,2,std,sit
4,5,ups,wlk
5,0,wlk,dws
0,4,dws,ups
3,2,std,sit
4,5,ups,wlk
3,2,std,sit
3,2,std,sit
3,2,std,sit
3,2,std,sit
3,2,std,sit
3,2,std,sit
3,2,std,sit
4,5,ups,wlk
5,0,wlk,dws
3,2,std,sit
3,2,std,sit
5,0,wlk,dws
3,2,std,sit
3,2,std,sit
0,4,dws,ups
3,2,std,sit
3,2,std,sit
3,2,std,sit
1,5,jog,wlk
0,4,dws,ups
0,5,dws,wlk
3,2,std,sit
3,2,std,sit
3,2,std,sit
0,4,dws,ups
3,2,std,sit
5,4,wlk,ups
3,2,std,sit
0,4,dws,ups
3,2,std,sit
0,5,dws,wlk
0,4,dws,ups
4,5,ups,wlk
3,2,std,sit
3,2,std,sit
3,2,std,sit
2,4,sit,ups
4,5,ups,wlk
3,2,std,sit
3,2,std,sit
3,2,std,sit
3,2,std,sit
3,2,std,sit
3,2,std,sit
4,0,ups,dws
4,5,ups,wlk
0,5,dws,wlk
2,3,sit,std
4,3,ups,std
3,2,std,sit
3,2,std,sit
3,2,std,sit
0,5,dws,wlk
4,5,ups,wlk
3,2,std,sit
4,5,ups,wlk
0,4,dws,ups
3,2,std,sit
0,5,dws,wlk
0,5,dws,wlk
0,5,dws,wlk
3,2,std,sit
5,4,wlk,ups
4,5,ups,wlk
4,5,ups,wlk
0,4,dws,ups
0,4,dws,ups
0,4,dws,ups
3,2,std,sit
3,2,std,sit
4,5,ups,wlk
3,2,std,sit
4,5,ups,wlk
5,4,wlk,ups
5,4,wlk,ups
5,4,wlk,ups
0,4,dws,ups
3,2,std,sit
3,2,std,sit
3,2,std,sit
0,5,dws,wlk
3,2,std,sit
3,2,std,sit
3,2,std,sit
0,5,dws,wlk
3,2,std,sit
0,4,dws,ups
3,2,std,sit
3,2,std,sit
3,2,std,sit
0,4,dws,ups
3,2,std,sit
3,2,std,sit
3,2,std,sit
3,2,std,sit
3,2,std,sit
0,4,dws,ups
3,2,std,sit
3,2,std,sit
3,2,std,sit
3,2,std,sit
3,2,std,sit
3,2,std,sit
3,2,std,sit
3,2,std,sit
3,2,std,sit
3,2,std,sit
3,2,std,sit
3,2,std,sit
0,4,dws,ups
0,4,dws,ups
4,5,ups,wlk
3,2,std,sit
0,5,dws,wlk
3,2,std,sit
3,2,std,sit
3,2,std,sit
0,5,dws,wlk
5,1,wlk,jog
0,4,dws,ups
3,2,std,sit
0,4,dws,ups
4,5,ups,wlk
4,3,ups,std
3,2,std,sit
3,2,std,sit
0,5,dws,wlk
3,2,std,sit
3,2,std,sit
3,2,std,sit
3,2,std,sit
3,2,std,sit
3,2,std,sit
3,2,std,sit
3,2,std,sit
3,2,std,sit
3,2,std,sit
3,2,std,sit
4,5,ups,wlk
5,4,wlk,ups
4,3,ups,std
5,4,wlk,ups
3,2,std,sit
3,2,std,sit
2,3,sit,std
3,2,std,sit
3,2,std,sit
3,2,std,sit
0,4,dws,ups
5,4,wlk,ups
0,4,dws,ups
0,5,dws,wlk
3,2,std,sit
5,4,wlk,ups
3,2,std,sit
0,5,dws,wlk
4,5,ups,wlk
0,5,dws,wlk
0,4,dws,ups
4,5,ups,wlk
3,2,std,sit
0,4,dws,ups
3,2,std,sit
3,2,std,sit
3,2,std,sit
3,2,std,sit
3,2,std,sit
4,5,ups,wlk
0,5,dws,wlk
3,2,std,sit
3,2,std,sit
3,2,std,sit
4,5,ups,wlk
3,2,std,sit
3,2,std,sit
0,5,dws,wlk
3,2,std,sit
0,4,dws,ups
3,2,std,sit
3,2,std,sit
3,2,std,sit
3,2,std,sit
3,2,std,sit
0,5,dws,wlk
0,5,dws,wlk
3,2,std,sit
0,5,dws,wlk
3,2,std,sit
3,2,std,sit
3,2,std,sit
3,2,std,sit
3,2,std,sit
0,5,dws,wlk
3,2,std,sit
3,2,std,sit
0,5,dws,wlk
3,2,std,sit
1,5,jog,wlk
3,2,std,sit
3,2,std,sit
4,0,ups,dws
3,2,std,sit
0,4,dws,ups
4,5,ups,wlk
5,1,wlk,jog
3,2,std,sit
3,2,std,sit
5,0,wlk,dws
3,2,std,sit
0,4,dws,ups
3,2,std,sit
5,1,wlk,jog
0,5,dws,wlk
3,2,std,sit
3,2,std,sit
3,2,std,sit
0,5,dws,wlk
3,2,std,sit
4,5,ups,wlk
4,0,ups,dws
3,2,std,sit
3,2,std,sit
3,2,std,sit
3,2,std,sit
5,4,wlk,ups
3,2,std,sit
3,2,std,sit
3,2,std,sit
3,2,std,sit
3,2,std,sit
4,5,ups,wlk
4,5,ups,wlk
0,3,dws,std
0,5,dws,wlk
0,5,dws,wlk
3,2,std,sit
3,2,std,sit
3,2,std,sit
3,2,std,sit
3,2,std,sit
0,5,dws,wlk
3,2,std,sit
3,2,std,sit
5,4,wlk,ups
1,5,jog,wlk
3,2,std,sit
3,2,std,sit
3,2,std,sit
4,5,ups,wlk
5,0,wlk,dws
0,5,dws,wlk
3,2,std,sit
5,4,wlk,ups
3,2,std,sit
0,4,dws,ups
3,2,std,sit
4,5,ups,wlk
3,2,std,sit
3,2,std,sit
3,2,std,sit
0,4,dws,ups
4,5,ups,wlk
3,2,std,sit
3,2,std,sit
5,4,wlk,ups
0,4,dws,ups
3,2,std,sit
4,5,ups,wlk
0,4,dws,ups
3,2,std,sit
0,4,dws,ups
3,2,std,sit
0,1,dws,jog
3,2,std,sit
3,2,std,sit
0,5,dws,wlk
3,2,std,sit
4,5,ups,wlk
0,5,dws,wlk
0,4,dws,ups
3,2,std,sit
0,4,dws,ups
3,2,std,sit
0,3,dws,std
3,2,std,sit
3,2,std,sit
2,4,sit,ups
0,5,dws,wlk
5,4,wlk,ups
0,4,dws,ups
4,0,ups,dws
3,2,std,sit
0,4,dws,ups
1,5,jog,wlk
3,2,std,sit
3,2,std,sit
3,2,std,sit
3,2,std,sit
3,2,std,sit
3,2,std,sit
5,4,wlk,ups
4,5,ups,wlk
3,2,std,sit
3,2,std,sit
3,2,std,sit
3,2,std,sit
0,4,dws,ups
3,2,std,sit
3,2,std,sit
3,2,std,sit
3,2,std,sit
0,4,dws,ups
3,2,std,sit
2,3,sit,std
0,5,dws,wlk
3,2,std,sit
3,2,std,sit
0,4,dws,ups
3,2,std,sit
3,2,std,sit
3,2,std,sit
4,5,ups,wlk
3,2,std,sit
0,5,dws,wlk
3,2,std,sit
3,2,std,sit
3,2,std,sit
5,4,wlk,ups
5,4,wlk,ups
3,2,std,sit
4,5,ups,wlk
3,2,std,sit
3,2,std,sit
0,5,dws,wlk
1,4,jog,ups
0,5,dws,wlk
3,2,std,sit
4,5,ups,wlk
3,2,std,sit
4,5,ups,wlk
3,2,std,sit
3,2,std,sit
3,2,std,sit
3,2,std,sit
3,2,std,sit
4,5,ups,wlk
0,5,dws,wlk
4,5,ups,wlk
0,5,dws,wlk
3,2,std,sit
0,4,dws,ups
0,4,dws,ups
3,2,std,sit
3,2,std,sit
3,2,std,sit
3,2,std,sit
0,5,dws,wlk
0,5,dws,wlk
4,5,ups,wlk
3,2,std,sit
0,5,dws,wlk
3,2,std,sit
4,5,ups,wlk
5,0,wlk,dws
0,4,dws,ups
3,2,std,sit
3,2,std,sit
0,4,dws,ups
4,5,ups,wlk
0,4,dws,ups
4,5,ups,wlk
0,4,dws,ups
4,5,ups,wlk
3,2,std,sit
3,2,std,sit
3,2,std,sit
3,2,std,sit
3,2,std,sit
3,2,std,sit
3,2,std,sit
3,2,std,sit
3,2,std,sit
3,2,std,sit
3,2,std,sit
3,2,std,sit
3,2,std,sit
3,2,std,sit
3,2,std,sit
3,2,std,sit
4,3,ups,std
5,4,wlk,ups
3,2,std,sit
3,2,std,sit
5,4,wlk,ups
3,2,std,sit
3,2,std,sit
4,0,ups,dws
3,2,std,sit
0,5,dws,wlk
4,5,ups,wlk
3,2,std,sit
0,5,dws,wlk
3,2,std,sit
3,2,std,sit
3,2,std,sit
3,2,std,sit
3,2,std,sit
3,2,std,sit
4,5,ups,wlk
4,5,ups,wlk
3,2,std,sit
5,0,wlk,dws
3,2,std,sit
3,2,std,sit
3,2,std,sit
3,2,std,sit
0,5,dws,wlk
5,1,wlk,jog
0,5,dws,wlk
0,4,dws,ups
4,3,ups,std
4,5,ups,wlk
3,2,std,sit
3,2,std,sit
5,4,wlk,ups
0,4,dws,ups
4,0,ups,dws
3,2,std,sit
3,2,std,sit
3,2,std,sit
3,2,std,sit
3,2,std,sit
0,5,dws,wlk
5,4,wlk,ups
3,2,std,sit
3,2,std,sit
3,2,std,sit
3,2,std,sit
0,5,dws,wlk
1,5,jog,wlk
3,2,std,sit
4,5,ups,wlk
3,2,std,sit
4,5,ups,wlk
4,0,ups,dws
3,2,std,sit
3,2,std,sit
0,5,dws,wlk
4,5,ups,wlk
0,4,dws,ups
3,2,std,sit
4,5,ups,wlk
3,2,std,sit
3,2,std,sit
3,2,std,sit
3,2,std,sit
0,5,dws,wlk
3,2,std,sit
5,4,wlk,ups
3,2,std,sit
3,2,std,sit
3,2,std,sit
0,5,dws,wlk
3,2,std,sit
3,2,std,sit
3,2,std,sit
3,2,std,sit
4,1,ups,jog
5,4,wlk,ups
5,3,wlk,std
3,2,std,sit
3,2,std,sit
3,2,std,sit
3,2,std,sit
4,5,ups,wlk
0,5,dws,wlk
3,2,std,sit
3,2,std,sit
3,2,std,sit
0,4,dws,ups
0,5,dws,wlk
4,5,ups,wlk
3,2,std,sit
3,2,std,sit
4,0,ups,dws
3,2,std,sit
3,2,std,sit
3,2,std,sit
3,2,std,sit
3,2,std,sit
3,2,std,sit
4,5,ups,wlk
5,0,wlk,dws
0,5,dws,wlk
3,2,std,sit
3,2,std,sit
5,0,wlk,dws
5,4,wlk,ups
0,5,dws,wlk
3,2,std,sit
3,2,std,sit
3,2,std,sit
4,5,ups,wlk
3,2,std,sit
4,5,ups,wlk
3,2,std,sit
0,4,dws,ups
4,5,ups,wlk
0,5,dws,wlk
4,3,ups,std
3,2,std,sit
5,4,wlk,ups
3,2,std,sit
3,2,std,sit
3,2,std,sit
5,0,wlk,dws
3,2,std,sit
3,2,std,sit
0,5,dws,wlk
0,5,dws,wlk
5,4,wlk,ups
5,0,wlk,dws
0,4,dws,ups
0,5,dws,wlk
4,5,ups,wlk
0,5,dws,wlk
3,2,std,sit
3,2,std,sit
3,2,std,sit
3,2,std,sit
3,2,std,sit
3,2,std,sit
3,2,std,sit
5,0,wlk,dws
3,2,std,sit
4,5,ups,wlk
3,2,std,sit
3,2,std,sit
5,4,wlk,ups
3,2,std,sit
5,0,wlk,dws
0,4,dws,ups
3,2,std,sit
3,2,std,sit
3,2,std,sit
3,2,std,sit
3,2,std,sit
3,2,std,sit
4,5,ups,wlk
3,2,std,sit
3,2,std,sit
3,2,std,sit
3,2,std,sit
3,2,std,sit
5,4,wlk,ups
0,5,dws,wlk
3,2,std,sit
3,2,std,sit
3,2,std,sit
3,2,std,sit
3,2,std,sit
4,5,ups,wlk
3,2,std,sit
3,2,std,sit
0,4,dws,ups
0,5,dws,wlk
5,0,wlk,dws
0,5,dws,wlk
3,2,std,sit
3,2,std,sit
5,4,wlk,ups
2,4,sit,ups
0,4,dws,ups
3,2,std,sit
0,4,dws,ups
5,0,wlk,dws
4,5,ups,wlk
4,5,ups,wlk
4,5,ups,wlk
3,2,std,sit
3,2,std,sit
3,2,std,sit
3,2,std,sit
3,2,std,sit
4,5,ups,wlk
4,5,ups,wlk
3,2,std,sit
3,2,std,sit
3,2,std,sit
3,2,std,sit
3,2,std,sit
4,5,ups,wlk
1,4,jog,ups
3,2,std,sit
0,4,dws,ups
3,2,std,sit
3,2,std,sit
3,2,std,sit
3,2,std,sit
3,2,std,sit
3,2,std,sit
0,4,dws,ups
3,2,std,sit
0,4,dws,ups
3,2,std,sit
3,2,std,sit
3,2,std,sit
5,4,wlk,ups
0,5,dws,wlk
0,5,dws,wlk
1,4,jog,ups
3,2,std,sit
4,3,ups,std
2,3,sit,std
3,2,std,sit
3,2,std,sit
0,5,dws,wlk
4,0,ups,dws
3,2,std,sit
3,2,std,sit
3,2,std,sit
0,5,dws,wlk
3,2,std,sit
3,2,std,sit
3,2,std,sit
4,5,ups,wlk
3,2,std,sit
3,2,std,sit
0,4,dws,ups
3,2,std,sit
3,2,std,sit
5,1,wlk,jog
0,5,dws,wlk
4,5,ups,wlk
0,4,dws,ups
3,2,std,sit
0,5,dws,wlk
3,2,std,sit
3,2,std,sit
4,5,ups,wlk
0,5,dws,wlk
3,2,std,sit
3,2,std,sit
0,5,dws,wlk
4,0,ups,dws
5,0,wlk,dws
3,2,std,sit
3,2,std,sit
3,2,std,sit
3,2,std,sit
3,2,std,sit
3,2,std,sit
3,2,std,sit
3,2,std,sit
3,2,std,sit
3,2,std,sit
5,4,wlk,ups
5,4,wlk,ups
3,2,std,sit
5,0,wlk,dws
3,2,std,sit
3,2,std,sit
3,2,std,sit
3,2,std,sit
5,0,wlk,dws
3,2,std,sit
0,5,dws,wlk
0,4,dws,ups
3,2,std,sit
3,2,std,sit
0,5,dws,wlk
3,2,std,sit
3,2,std,sit
4,5,ups,wlk
3,2,std,sit
3,2,std,sit
2,4,sit,ups
3,2,std,sit
3,2,std,sit
3,2,std,sit
0,2,dws,sit
4,5,ups,wlk
3,2,std,sit
3,2,std,sit
4,0,ups,dws
3,2,std,sit
0,4,dws,ups
0,3,dws,std
3,2,std,sit
3,2,std,sit
3,2,std,sit
0,5,dws,wlk
3,2,std,sit
3,2,std,sit
3,2,std,sit
4,1,ups,jog
3,2,std,sit
3,2,std,sit
4,5,ups,wlk
3,2,std,sit
4,0,ups,dws
1,4,jog,ups
3,2,std,sit
3,2,std,sit
3,2,std,sit
3,2,std,sit
3,2,std,sit
0,5,dws,wlk
3,2,std,sit
3,2,std,sit
3,4,std,ups
3,2,std,sit
3,2,std,sit
0,5,dws,wlk
0,5,dws,wlk
3,2,std,sit
4,0,ups,dws
3,2,std,sit
5,4,wlk,ups
3,2,std,sit
3,2,std,sit
0,5,dws,wlk
5,0,wlk,dws
0,5,dws,wlk
3,2,std,sit
3,2,std,sit
3,2,std,sit
3,2,std,sit
3,2,std,sit
3,2,std,sit
3,2,std,sit
3,2,std,sit
1,4,jog,ups
3,2,std,sit
0,4,dws,ups
3,2,std,sit
3,2,std,sit
3,2,std,sit
3,2,std,sit
3,2,std,sit
3,2,std,sit
3,2,std,sit
3,2,std,sit
0,4,dws,ups
3,2,std,sit
3,2,std,sit
3,2,std,sit
3,2,std,sit
3,2,std,sit
5,1,wlk,jog
5,1,wlk,jog
3,2,std,sit
0,4,dws,ups
3,2,std,sit
3,2,std,sit
5,0,wlk,dws
3,4,std,ups
4,0,ups,dws
3,2,std,sit
0,5,dws,wlk
3,2,std,sit
3,2,std,sit
0,5,dws,wlk
5,4,wlk,ups
3,2,std,sit
0,5,dws,wlk
3,2,std,sit
3,2,std,sit
3,2,std,sit
4,5,ups,wlk
4,1,ups,jog
5,4,wlk,ups
3,2,std,sit
4,5,ups,wlk
4,1,ups,jog
3,2,std,sit
4,5,ups,wlk
3,2,std,sit
3,2,std,sit
3,2,std,sit
3,2,std,sit
3,2,std,sit
3,2,std,sit
3,2,std,sit
0,4,dws,ups
3,2,std,sit
3,2,std,sit
3,2,std,sit
3,2,std,sit
4,0,ups,dws
4,5,ups,wlk
3,2,std,sit
3,2,std,sit
3,2,std,sit
3,2,std,sit
3,2,std,sit
5,3,wlk,std
3,2,std,sit
3,2,std,sit
3,2,std,sit
3,2,std,sit
0,5,dws,wlk
3,2,std,sit
5,4,wlk,ups
3,2,std,sit
3,2,std,sit
3,2,std,sit
5,1,wlk,jog
4,5,ups,wlk
3,2,std,sit
3,2,std,sit
0,4,dws,ups
3,2,std,sit
0,5,dws,wlk
3,2,std,sit
3,2,std,sit
4,5,ups,wlk
3,2,std,sit
3,2,std,sit
0,4,dws,ups
3,2,std,sit
5,4,wlk,ups
3,2,std,sit
3,2,std,sit
4,5,ups,wlk
4,5,ups,wlk
0,5,dws,wlk
3,2,std,sit
3,2,std,sit
4,5,ups,wlk
0,4,dws,ups
4,0,ups,dws
3,2,std,sit
3,2,std,sit
3,2,std,sit
3,2,std,sit
0,5,dws,wlk
3,2,std,sit
3,2,std,sit
3,2,std,sit
0,3,dws,std
3,2,std,sit
4,5,ups,wlk
2,4,sit,ups
3,2,std,sit
3,2,std,sit
3,2,std,sit
3,2,std,sit
4,5,ups,wlk
3,2,std,sit
4,5,ups,wlk
5,3,wlk,std
3,2,std,sit
3,2,std,sit
3,2,std,sit
3,2,std,sit
4,0,ups,dws
0,5,dws,wlk
3,2,std,sit
3,2,std,sit
3,2,std,sit
2,3,sit,std
5,0,wlk,dws
4,5,ups,wlk
4,5,ups,wlk
3,2,std,sit
3,2,std,sit
4,0,ups,dws
5,4,wlk,ups
4,5,ups,wlk
3,2,std,sit
3,2,std,sit
3,2,std,sit
3,2,std,sit
4,0,ups,dws
3,2,std,sit
0,5,dws,wlk
3,2,std,sit
3,2,std,sit
5,4,wlk,ups
3,2,std,sit
4,0,ups,dws
4,5,ups,wlk
3,2,std,sit
4,5,ups,wlk
3,2,std,sit
3,2,std,sit
